scope,member,revenue,variable_cost,contribution,contribution_ratio,fixed_costs,break_even_revenue,break_even_volume,operating_profit,margin_of_safety,operating_leverage,note
Whole book,Whole book,183221252.02,143377547.2147,39843704.8053,0.2175,4869683.32,22393235.7493,679822.8635,34974021.4853,0.8778,1.1392,ok
Category,Apparel & Accessories,8531341.76,6759414.2835,1771927.4765,0.2077,227131.1067,1093573.5922,33255.3354,1544796.3698,0.8718,1.147,ok
Category,Consumer Electronics,57720287.69,44621794.811,13098492.879,0.2269,1098896.6376,4842437.2675,105304.3719,11999596.2414,0.9161,1.0916,ok
Category,Health & Beauty,11966485.0,9644320.2417,2322164.7583,0.1941,679650.188,3502345.7104,227212.3294,1642514.5703,0.7073,1.4138,ok
Category,Home & Kitchen,29992971.41,22998492.0692,6994479.3408,0.2332,828098.3229,3550961.8533,111985.6718,6166381.0179,0.8816,1.1343,ok
Category,Office & Stationery,4587694.42,3874552.5561,713141.8639,0.1554,289568.0952,1862812.9997,134301.0871,423573.7687,0.594,1.6836,ok
Category,Pet Supplies,12826960.88,9815303.8081,3011657.0719,0.2348,432828.8742,1843463.2181,71052.7633,2578828.1977,0.8563,1.1678,ok
Category,Sporting Goods,34520024.83,27387917.2184,7132107.6116,0.2066,691492.072,3346882.1271,76579.154,6440615.5396,0.903,1.1074,ok
Category,Tools & Hardware,23075486.03,18275752.2268,4799733.8032,0.208,622018.0234,2990450.8868,92075.2331,4177715.7799,0.8704,1.1489,ok
