month,fiscal_year,category,budget_revenue,actual_revenue,revenue_variance,revenue_variance_pct,revenue_verdict,budget_cogs,actual_cogs,cogs_variance,cogs_verdict,budget_margin,actual_margin,margin_variance,margin_verdict,budget_volume_units,actual_volume_units
2023-07-01,2024,Apparel & Accessories,513092.17,649367.17,136275.0,0.2656,Favourable,441870.62,448750.72,6880.1,Unfavourable,71221.55,200616.45,129394.9,Favourable,22066.5,19433.6
2023-07-01,2024,Consumer Electronics,3354596.48,3791560.59,436964.11,0.1303,Favourable,2791706.47,2753130.59,-38575.88,Favourable,562890.01,1038430.0,475539.99,Favourable,71568.1,63953.2
2023-07-01,2024,Health & Beauty,1033827.83,951821.68,-82006.15,-0.0793,Unfavourable,611412.73,653810.8,42398.07,Unfavourable,422415.1,298010.88,-124404.22,Unfavourable,62726.3,56420.1
2023-07-01,2024,Home & Kitchen,2513568.74,2411527.94,-102040.8,-0.0406,Unfavourable,1732030.61,1640069.78,-91960.83,Favourable,781538.13,771458.16,-10079.97,Unfavourable,60789.1,63867.3
2023-07-01,2024,Office & Stationery,421749.44,496946.69,75197.25,0.1783,Favourable,345491.39,327644.65,-17846.74,Favourable,76258.05,169302.04,93043.99,Favourable,33604.2,35673.0
2023-07-01,2024,Pet Supplies,1003600.39,985332.57,-18267.82,-0.0182,Unfavourable,608963.94,649092.06,40128.12,Unfavourable,394636.45,336240.51,-58395.94,Unfavourable,39692.5,40366.9
2023-07-01,2024,Sporting Goods,3024694.71,2975284.72,-49409.99,-0.0163,Unfavourable,1861846.55,1917372.86,55526.31,Unfavourable,1162848.16,1057911.86,-104936.3,Unfavourable,72474.7,68396.1
2023-07-01,2024,Tools & Hardware,1753189.16,1650132.21,-103056.95,-0.0588,Unfavourable,1213348.59,1218360.38,5011.79,Unfavourable,539840.57,431771.83,-108068.74,Unfavourable,43770.2,43546.0
2023-08-01,2024,Apparel & Accessories,801517.36,803500.09,1982.73,0.0025,Favourable,577038.22,582558.56,5520.34,Unfavourable,224479.14,220941.53,-3537.61,Unfavourable,21322.5,24555.4
2023-08-01,2024,Consumer Electronics,3287892.73,3029839.06,-258053.67,-0.0785,Unfavourable,2234797.47,2140010.9,-94786.57,Favourable,1053095.26,889828.16,-163267.1,Unfavourable,51442.0,49109.3
2023-08-01,2024,Health & Beauty,839859.45,820503.73,-19355.72,-0.023,Unfavourable,537612.97,561833.91,24220.94,Unfavourable,302246.48,258669.82,-43576.66,Unfavourable,47904.8,48896.5
2023-08-01,2024,Home & Kitchen,2771773.58,2448045.18,-323728.4,-0.1168,Unfavourable,1415974.97,1614096.99,198122.02,Unfavourable,1355798.61,833948.19,-521850.42,Unfavourable,66597.9,68164.5
2023-08-01,2024,Office & Stationery,552315.34,574092.54,21777.2,0.0394,Favourable,361509.49,378826.51,17317.02,Unfavourable,190805.85,195266.03,4460.18,Favourable,42866.1,42416.1
2023-08-01,2024,Pet Supplies,1035216.87,968920.42,-66296.45,-0.064,Unfavourable,545021.92,643613.95,98592.03,Unfavourable,490194.95,325306.47,-164888.48,Unfavourable,36332.6,39801.6
2023-08-01,2024,Sporting Goods,2730986.48,2720941.91,-10044.57,-0.0037,Unfavourable,1781466.32,1813562.6,32096.28,Unfavourable,949520.16,907379.31,-42140.85,Unfavourable,61266.7,63697.7
2023-08-01,2024,Tools & Hardware,1788011.82,1831037.52,43025.7,0.0241,Favourable,1380727.93,1329018.93,-51709.0,Favourable,407283.89,502018.59,94734.7,Favourable,51830.2,47844.9
2023-09-01,2024,Apparel & Accessories,765253.13,804016.24,38763.11,0.0507,Favourable,586951.84,574245.04,-12706.8,Favourable,178301.29,229771.2,51469.91,Favourable,24132.3,22317.4
2023-09-01,2024,Consumer Electronics,4363931.59,3819837.02,-544094.57,-0.1247,Unfavourable,2678974.64,2807338.51,128363.87,Unfavourable,1684956.95,1012498.51,-672458.44,Unfavourable,62992.6,63715.1
2023-09-01,2024,Health & Beauty,861024.63,751375.22,-109649.41,-0.1273,Unfavourable,498638.85,508407.53,9768.68,Unfavourable,362385.78,242967.69,-119418.09,Unfavourable,47718.3,44180.4
2023-09-01,2024,Home & Kitchen,2689918.69,2436127.87,-253790.82,-0.0943,Unfavourable,1463175.44,1598257.95,135082.51,Unfavourable,1226743.25,837869.92,-388873.33,Unfavourable,62620.4,66876.9
2023-09-01,2024,Office & Stationery,529307.68,616898.46,87590.78,0.1655,Favourable,404200.91,399554.19,-4646.72,Favourable,125106.77,217344.27,92237.5,Favourable,43644.7,43885.5
2023-09-01,2024,Pet Supplies,1152471.53,956571.71,-195899.82,-0.17,Unfavourable,547987.08,601678.2,53691.12,Unfavourable,604484.45,354893.51,-249590.94,Unfavourable,36322.7,40253.6
2023-09-01,2024,Sporting Goods,3005351.38,2630738.45,-374612.93,-0.1246,Unfavourable,1632923.39,1663311.07,30387.68,Unfavourable,1372427.99,967427.38,-405000.61,Unfavourable,60386.0,61402.1
2023-09-01,2024,Tools & Hardware,1457236.91,1507790.33,50553.42,0.0347,Favourable,1079178.47,1080219.95,1041.48,Unfavourable,378058.44,427570.38,49511.94,Favourable,36150.8,38707.7
2023-10-01,2024,Apparel & Accessories,716284.28,718064.16,1779.88,0.0025,Favourable,513126.01,519368.06,6242.05,Unfavourable,203158.27,198696.1,-4462.17,Unfavourable,21002.5,21965.6
2023-10-01,2024,Consumer Electronics,3153301.36,3176602.35,23300.99,0.0074,Favourable,2285343.06,2251913.52,-33429.54,Favourable,867958.3,924688.83,56730.53,Favourable,55765.4,50461.0
2023-10-01,2024,Health & Beauty,753821.67,853493.15,99671.48,0.1322,Favourable,582960.71,583303.76,343.05,Unfavourable,170860.96,270189.39,99328.43,Favourable,55379.9,50415.7
2023-10-01,2024,Home & Kitchen,2309956.7,2378471.9,68515.2,0.0297,Favourable,1336277.23,1536851.32,200574.09,Unfavourable,973679.47,841620.58,-132058.89,Unfavourable,69487.6,68037.0
2023-10-01,2024,Office & Stationery,400966.55,432370.77,31404.22,0.0783,Favourable,293697.74,278854.71,-14843.03,Favourable,107268.81,153516.06,46247.25,Favourable,31117.4,31367.1
2023-10-01,2024,Pet Supplies,935008.15,1092792.83,157784.68,0.1688,Favourable,661580.48,680936.52,19356.04,Unfavourable,273427.67,411856.31,138428.64,Favourable,43942.8,42959.7
2023-10-01,2024,Sporting Goods,2177141.58,2461817.51,284675.93,0.1308,Favourable,1473217.21,1564489.26,91272.05,Unfavourable,703924.37,897328.25,193403.88,Favourable,60505.9,56268.2
2023-10-01,2024,Tools & Hardware,1772312.38,1724970.39,-47341.99,-0.0267,Unfavourable,1228399.61,1266649.61,38250.0,Unfavourable,543912.77,458320.78,-85591.99,Unfavourable,48646.0,47493.8
2023-11-01,2024,Apparel & Accessories,727961.44,777861.04,49899.6,0.0685,Favourable,552630.43,548793.11,-3837.32,Favourable,175331.01,229067.93,53736.92,Favourable,23009.1,23198.4
2023-11-01,2024,Consumer Electronics,5338009.36,5974973.26,636963.9,0.1193,Favourable,3695128.93,4330750.49,635621.56,Unfavourable,1642880.43,1644222.77,1342.34,Favourable,93097.9,102655.0
2023-11-01,2024,Health & Beauty,969551.0,1059652.38,90101.38,0.0929,Favourable,740164.2,716759.44,-23404.76,Favourable,229386.8,342892.94,113506.14,Favourable,58292.8,60919.9
2023-11-01,2024,Home & Kitchen,3952469.66,3610141.66,-342328.0,-0.0866,Unfavourable,2079643.32,2328414.01,248770.69,Unfavourable,1872826.34,1281727.65,-591098.69,Unfavourable,105845.2,107612.1
2023-11-01,2024,Office & Stationery,421037.24,456650.35,35613.11,0.0846,Favourable,293098.49,297581.53,4483.04,Unfavourable,127938.75,159068.82,31130.07,Favourable,34569.3,32867.6
2023-11-01,2024,Pet Supplies,888215.9,935550.47,47334.57,0.0533,Favourable,589556.7,575542.97,-14013.73,Favourable,298659.2,360007.5,61348.3,Favourable,39132.6,38064.4
2023-11-01,2024,Sporting Goods,2199993.97,2384859.63,184865.66,0.084,Favourable,1518879.29,1559910.96,41031.67,Unfavourable,681114.68,824948.67,143833.99,Favourable,53979.0,55597.9
2023-11-01,2024,Tools & Hardware,1423400.0,1492050.29,68650.29,0.0482,Favourable,1115781.32,1138328.26,22546.94,Unfavourable,307618.68,353722.03,46103.35,Favourable,38120.5,39766.0
2023-12-01,2024,Apparel & Accessories,937749.79,907201.54,-30548.25,-0.0326,Unfavourable,608237.66,665223.09,56985.43,Unfavourable,329512.13,241978.45,-87533.68,Unfavourable,29112.8,28821.8
2023-12-01,2024,Consumer Electronics,4252935.42,4205989.54,-46945.88,-0.011,Unfavourable,3062576.86,3137728.59,75151.73,Unfavourable,1190358.56,1068260.95,-122097.61,Unfavourable,73056.2,71887.3
2023-12-01,2024,Health & Beauty,967939.13,996578.78,28639.65,0.0296,Favourable,689359.03,687180.43,-2178.6,Favourable,278580.1,309398.35,30818.25,Favourable,56825.9,58503.6
2023-12-01,2024,Home & Kitchen,3488593.68,3420392.81,-68200.87,-0.0195,Unfavourable,2420381.11,2240221.13,-180159.98,Favourable,1068212.57,1180171.68,111959.11,Favourable,107583.6,100303.6
2023-12-01,2024,Office & Stationery,416266.47,388926.41,-27340.06,-0.0657,Unfavourable,257064.55,254233.1,-2831.45,Favourable,159201.92,134693.31,-24508.61,Unfavourable,27834.0,29167.5
2023-12-01,2024,Pet Supplies,1058001.46,1112409.73,54408.27,0.0514,Favourable,673515.6,679813.82,6298.22,Unfavourable,384485.86,432595.91,48110.05,Favourable,43284.2,44481.5
2023-12-01,2024,Sporting Goods,2402154.68,2420541.88,18387.2,0.0077,Favourable,1618499.04,1562440.18,-56058.86,Favourable,783655.64,858101.7,74446.06,Favourable,51767.8,54393.1
2023-12-01,2024,Tools & Hardware,1560604.95,1872660.44,312055.49,0.2,Favourable,1421303.45,1567310.88,146007.43,Unfavourable,139301.5,305349.56,166048.06,Favourable,53548.2,54444.1
2024-01-01,2024,Apparel & Accessories,996931.11,893906.87,-103024.24,-0.1033,Unfavourable,653372.97,645844.38,-7528.59,Favourable,343558.14,248062.49,-95495.65,Unfavourable,32466.8,28645.4
2024-01-01,2024,Consumer Electronics,4159644.86,3639721.87,-519922.99,-0.125,Unfavourable,2664587.82,2741631.36,77043.54,Unfavourable,1495057.04,898090.51,-596966.53,Unfavourable,64200.7,63412.1
2024-01-01,2024,Health & Beauty,1287526.89,1238138.86,-49388.03,-0.0384,Unfavourable,820836.07,852257.56,31421.49,Unfavourable,466690.82,385881.3,-80809.52,Unfavourable,71069.1,72736.5
2024-01-01,2024,Home & Kitchen,1948078.16,2140032.52,191954.36,0.0985,Favourable,1394050.38,1482860.78,88810.4,Unfavourable,554027.78,657171.74,103143.96,Favourable,60347.1,63348.0
2024-01-01,2024,Office & Stationery,729583.07,670784.17,-58798.9,-0.0806,Unfavourable,446976.74,437653.75,-9322.99,Favourable,282606.33,233130.42,-49475.91,Unfavourable,50250.4,49431.7
2024-01-01,2024,Pet Supplies,1182069.39,1175485.92,-6583.47,-0.0056,Unfavourable,656684.24,738711.54,82027.3,Unfavourable,525385.15,436774.38,-88610.77,Unfavourable,44864.2,50808.1
2024-01-01,2024,Sporting Goods,3183615.12,3317428.85,133813.73,0.042,Favourable,2164187.75,2192796.78,28609.03,Unfavourable,1019427.37,1124632.07,105204.7,Favourable,76427.9,74993.0
2024-01-01,2024,Tools & Hardware,1413857.8,1382977.82,-30879.98,-0.0218,Unfavourable,1113726.58,1120839.97,7113.39,Unfavourable,300131.22,262137.85,-37993.37,Unfavourable,39725.8,37957.2
2024-02-01,2024,Apparel & Accessories,740460.95,740591.65,130.7,0.0002,Favourable,488103.33,516653.15,28549.82,Unfavourable,252357.62,223938.5,-28419.12,Unfavourable,22950.2,23374.8
2024-02-01,2024,Consumer Electronics,2801248.23,2645826.55,-155421.68,-0.0555,Unfavourable,1921412.24,1932687.36,11275.12,Unfavourable,879835.99,713139.19,-166696.8,Unfavourable,46857.1,45795.4
2024-02-01,2024,Health & Beauty,849223.94,940758.86,91534.92,0.1078,Favourable,635886.84,631327.12,-4559.72,Favourable,213337.1,309431.74,96094.64,Favourable,56256.6,55265.2
2024-02-01,2024,Home & Kitchen,2075332.52,2217719.04,142386.52,0.0686,Favourable,1637082.86,1545636.47,-91446.39,Favourable,438249.66,672082.57,233832.91,Favourable,77124.0,68572.9
2024-02-01,2024,Office & Stationery,435612.68,526851.85,91239.17,0.2095,Favourable,380693.86,371439.86,-9254.0,Favourable,54918.82,155411.99,100493.17,Favourable,34621.6,41644.5
2024-02-01,2024,Pet Supplies,882372.49,931524.25,49151.76,0.0557,Favourable,613351.56,573422.41,-39929.15,Favourable,269020.93,358101.84,89080.91,Favourable,36045.4,38872.0
2024-02-01,2024,Sporting Goods,2820707.05,2691764.24,-128942.81,-0.0457,Unfavourable,1681093.07,1791088.42,109995.35,Unfavourable,1139613.98,900675.82,-238938.16,Unfavourable,55341.4,60214.7
2024-02-01,2024,Tools & Hardware,1718902.26,1739588.0,20685.74,0.012,Favourable,1429184.01,1416947.65,-12236.36,Favourable,289718.25,322640.35,32922.1,Favourable,42789.4,46783.3
2024-03-01,2024,Apparel & Accessories,819074.72,886033.1,66958.38,0.0817,Favourable,580222.81,638644.84,58422.03,Unfavourable,238851.91,247388.26,8536.35,Favourable,27639.0,27088.4
2024-03-01,2024,Consumer Electronics,5430681.58,4243773.52,-1186908.06,-0.2186,Unfavourable,3314472.77,3256313.94,-58158.83,Favourable,2116208.81,987459.58,-1128749.23,Unfavourable,74914.9,78309.0
2024-03-01,2024,Health & Beauty,875938.99,921413.75,45474.76,0.0519,Favourable,651408.27,635664.71,-15743.56,Favourable,224530.72,285749.04,61218.32,Favourable,50165.3,55462.0
2024-03-01,2024,Home & Kitchen,2560197.66,2614331.42,54133.76,0.0211,Favourable,1847122.59,1875619.66,28497.07,Unfavourable,713075.07,738711.76,25636.69,Favourable,73600.9,77544.7
2024-03-01,2024,Office & Stationery,362650.25,467494.89,104844.64,0.2891,Favourable,280087.31,300930.76,20843.45,Unfavourable,82562.94,166564.13,84001.19,Favourable,33391.4,34100.2
2024-03-01,2024,Pet Supplies,1153506.16,1316375.73,162869.57,0.1412,Favourable,832553.46,892619.73,60066.27,Unfavourable,320952.7,423756.0,102803.3,Favourable,48567.5,50834.2
2024-03-01,2024,Sporting Goods,2932004.02,2879067.93,-52936.09,-0.0181,Unfavourable,1868555.9,1958308.45,89752.55,Unfavourable,1063448.12,920759.48,-142688.64,Unfavourable,58861.4,64768.8
2024-03-01,2024,Tools & Hardware,1877845.72,1883832.78,5987.06,0.0032,Favourable,1432872.24,1485652.59,52780.35,Unfavourable,444973.48,398180.19,-46793.29,Unfavourable,51405.6,50373.4
2024-04-01,2024,Apparel & Accessories,822410.91,780489.13,-41921.78,-0.051,Unfavourable,564021.29,560544.83,-3476.46,Favourable,258389.62,219944.3,-38445.32,Unfavourable,25506.9,25660.6
2024-04-01,2024,Consumer Electronics,3498838.95,3439106.5,-59732.45,-0.0171,Unfavourable,2536450.02,2610856.34,74406.32,Unfavourable,962388.93,828250.16,-134138.77,Unfavourable,54852.5,60736.2
2024-04-01,2024,Health & Beauty,966944.38,869163.52,-97780.86,-0.1011,Unfavourable,556515.3,577680.39,21165.09,Unfavourable,410429.08,291483.13,-118945.95,Unfavourable,48118.9,53633.2
2024-04-01,2024,Home & Kitchen,2411593.02,2490170.73,78577.71,0.0326,Favourable,1743720.96,1779002.78,35281.82,Unfavourable,667872.06,711167.95,43295.89,Favourable,71574.1,67793.1
2024-04-01,2024,Office & Stationery,491569.93,440591.1,-50978.83,-0.1037,Unfavourable,307801.65,298039.43,-9762.22,Favourable,183768.28,142551.67,-41216.61,Unfavourable,35823.4,33400.0
2024-04-01,2024,Pet Supplies,1370496.41,1291193.69,-79302.72,-0.0579,Unfavourable,979027.34,911419.12,-67608.22,Favourable,391469.07,379774.57,-11694.5,Unfavourable,45523.4,51014.8
2024-04-01,2024,Sporting Goods,3091251.91,2976215.71,-115036.2,-0.0372,Unfavourable,2170742.54,2079391.24,-91351.3,Favourable,920509.37,896824.47,-23684.9,Unfavourable,59923.8,66990.2
2024-04-01,2024,Tools & Hardware,2156843.99,2087144.37,-69699.62,-0.0323,Unfavourable,1738108.91,1574011.57,-164097.34,Favourable,418735.08,513132.8,94397.72,Favourable,51233.5,56445.0
2024-05-01,2024,Apparel & Accessories,868585.73,816198.91,-52386.82,-0.0603,Unfavourable,624078.91,615976.52,-8102.39,Favourable,244506.82,200222.39,-44284.43,Unfavourable,25003.2,25180.0
2024-05-01,2024,Consumer Electronics,4304378.36,4200845.06,-103533.3,-0.0241,Unfavourable,3073163.77,3084470.28,11306.51,Unfavourable,1231214.59,1116374.78,-114839.81,Unfavourable,75413.7,80273.4
2024-05-01,2024,Health & Beauty,1149171.77,1008305.15,-140866.62,-0.1226,Unfavourable,723748.74,693937.79,-29810.95,Favourable,425423.03,314367.36,-111055.67,Unfavourable,55532.7,62731.1
2024-05-01,2024,Home & Kitchen,3246149.22,2522968.9,-723180.32,-0.2228,Unfavourable,1740731.21,1784009.46,43278.25,Unfavourable,1505418.01,738959.44,-766458.57,Unfavourable,67506.5,71597.7
2024-05-01,2024,Office & Stationery,407211.36,400152.51,-7058.85,-0.0173,Unfavourable,263904.29,272693.83,8789.54,Unfavourable,143307.07,127458.68,-15848.39,Unfavourable,29067.1,29809.2
2024-05-01,2024,Pet Supplies,1188489.94,1031319.0,-157170.94,-0.1322,Unfavourable,717109.08,741436.27,24327.19,Unfavourable,471380.86,289882.73,-181498.13,Unfavourable,49074.6,47227.4
2024-05-01,2024,Sporting Goods,3484247.64,4040051.13,555803.49,0.1595,Favourable,3076551.49,3069690.16,-6861.33,Favourable,407696.15,970360.97,562664.82,Favourable,93399.7,94446.7
2024-05-01,2024,Tools & Hardware,2334540.42,2170461.79,-164078.63,-0.0703,Unfavourable,1423588.61,1608305.94,184717.33,Unfavourable,910951.81,562155.85,-348795.96,Unfavourable,55997.0,58684.2
2024-06-01,2024,Apparel & Accessories,723630.03,786607.51,62977.48,0.087,Favourable,729614.47,631634.82,-97979.65,Favourable,-5984.44,154972.69,160957.13,Favourable,21007.8,24823.5
2024-06-01,2024,Consumer Electronics,3403169.11,3670117.78,266948.67,0.0784,Favourable,2801705.18,2656188.33,-145516.85,Favourable,601463.93,1013929.45,412465.52,Favourable,68690.0,68640.9
2024-06-01,2024,Health & Beauty,1038479.07,960984.77,-77494.3,-0.0746,Unfavourable,736225.61,694393.43,-41832.18,Favourable,302253.46,266591.34,-35662.12,Unfavourable,64376.6,61505.3
2024-06-01,2024,Home & Kitchen,2361208.27,2480572.65,119364.38,0.0506,Favourable,1681584.94,1716953.93,35368.99,Unfavourable,679623.33,763618.72,83995.39,Favourable,64834.2,68947.2
2024-06-01,2024,Office & Stationery,355181.7,368137.57,12955.87,0.0365,Favourable,223637.06,250752.53,27115.47,Unfavourable,131544.64,117385.04,-14159.6,Unfavourable,29779.4,28193.1
2024-06-01,2024,Pet Supplies,975572.38,938988.16,-36584.22,-0.0375,Unfavourable,603742.76,628914.96,25172.2,Unfavourable,371829.62,310073.2,-61756.42,Unfavourable,38705.9,39416.0
2024-06-01,2024,Sporting Goods,3363008.85,3514548.6,151539.75,0.0451,Favourable,2791007.04,2668782.68,-122224.36,Favourable,572001.81,845765.92,273764.11,Favourable,74779.6,80781.4
2024-06-01,2024,Tools & Hardware,2499473.86,2758116.63,258642.77,0.1035,Favourable,1876434.87,2093902.41,217467.54,Unfavourable,623038.99,664214.22,41175.23,Favourable,75281.0,76409.5
2024-07-01,2025,Apparel & Accessories,640368.01,770763.82,130395.81,0.2036,Favourable,593509.74,614504.19,20994.45,Unfavourable,46858.27,156259.63,109401.36,Favourable,21271.9,23810.6
2024-07-01,2025,Consumer Electronics,4420007.73,4820122.49,400114.76,0.0905,Favourable,3516192.59,3518710.93,2518.34,Unfavourable,903815.14,1301411.56,397596.42,Favourable,89437.4,92292.5
2024-07-01,2025,Health & Beauty,1231489.37,1178961.54,-52527.83,-0.0427,Unfavourable,853363.55,837813.93,-15549.62,Favourable,378125.82,341147.61,-36978.21,Unfavourable,79373.8,71613.4
2024-07-01,2025,Home & Kitchen,2702401.45,2446594.3,-255807.15,-0.0947,Unfavourable,1760704.36,1741068.65,-19635.71,Favourable,941697.09,705525.65,-236171.44,Unfavourable,70726.2,66663.5
2024-07-01,2025,Office & Stationery,457905.65,463221.37,5315.72,0.0116,Favourable,335549.67,319785.79,-15763.88,Favourable,122355.98,143435.58,21079.6,Favourable,31294.3,32453.8
2024-07-01,2025,Pet Supplies,1045303.78,1220086.74,174782.96,0.1672,Favourable,862928.55,852107.58,-10820.97,Favourable,182375.23,367979.16,185603.93,Favourable,51876.3,51155.2
2024-07-01,2025,Sporting Goods,3552004.11,3227049.66,-324954.45,-0.0915,Unfavourable,2401061.68,2320557.76,-80503.92,Favourable,1150942.43,906491.9,-244450.53,Unfavourable,67108.0,67817.7
2024-07-01,2025,Tools & Hardware,2069450.54,2062128.46,-7322.08,-0.0035,Unfavourable,1671565.47,1559865.77,-111699.7,Favourable,397885.07,502262.69,104377.62,Favourable,56999.8,58039.8
2024-08-01,2025,Apparel & Accessories,917588.01,909686.18,-7901.83,-0.0086,Unfavourable,727185.54,724517.3,-2668.24,Favourable,190402.47,185168.88,-5233.59,Unfavourable,28479.3,29502.3
2024-08-01,2025,Consumer Electronics,4221951.84,3995500.52,-226451.32,-0.0536,Unfavourable,2832418.92,2943697.97,111279.05,Unfavourable,1389532.92,1051802.55,-337730.37,Unfavourable,71411.5,71528.5
2024-08-01,2025,Health & Beauty,1035392.15,982069.76,-53322.39,-0.0515,Unfavourable,747235.26,691883.25,-55352.01,Favourable,288156.89,290186.51,2029.62,Favourable,59609.6,55705.6
2024-08-01,2025,Home & Kitchen,2807225.01,2956365.39,149140.38,0.0531,Favourable,2233272.28,2184519.37,-48752.91,Favourable,573952.73,771846.02,197893.29,Favourable,93170.6,87165.5
2024-08-01,2025,Office & Stationery,577526.6,584761.92,7235.32,0.0125,Favourable,396755.03,406918.51,10163.48,Unfavourable,180771.57,177843.41,-2928.16,Unfavourable,45377.8,42663.7
2024-08-01,2025,Pet Supplies,1017753.14,941383.26,-76369.88,-0.075,Unfavourable,544919.75,621737.23,76817.48,Unfavourable,472833.39,319646.03,-153187.36,Unfavourable,38651.5,36564.5
2024-08-01,2025,Sporting Goods,3358249.07,2752334.01,-605915.06,-0.1804,Unfavourable,1830694.07,1888524.38,57830.31,Unfavourable,1527555.0,863809.63,-663745.37,Unfavourable,59942.2,58181.6
2024-08-01,2025,Tools & Hardware,1988373.97,2017175.26,28801.29,0.0145,Favourable,1465408.64,1356685.84,-108722.8,Favourable,522965.33,660489.42,137524.09,Favourable,57002.0,55426.6
2024-09-01,2025,Apparel & Accessories,904250.83,920884.4,16633.57,0.0184,Favourable,672482.82,668875.58,-3607.24,Favourable,231768.01,252008.82,20240.81,Favourable,26207.2,25604.9
2024-09-01,2025,Consumer Electronics,5401412.63,4709034.28,-692378.35,-0.1282,Unfavourable,3763898.45,3472466.79,-291431.66,Favourable,1637514.18,1236567.49,-400946.69,Unfavourable,91167.9,89968.8
2024-09-01,2025,Health & Beauty,907274.15,809080.61,-98193.54,-0.1082,Unfavourable,610482.39,575906.59,-34575.8,Favourable,296791.76,233174.02,-63617.74,Unfavourable,46932.8,46557.0
2024-09-01,2025,Home & Kitchen,2901485.37,2576574.07,-324911.3,-0.112,Unfavourable,1837259.21,1850763.27,13504.06,Unfavourable,1064226.16,725810.8,-338415.36,Unfavourable,65263.2,70372.6
2024-09-01,2025,Office & Stationery,588562.31,590569.34,2007.03,0.0034,Favourable,407211.88,412570.72,5358.84,Unfavourable,181350.43,177998.62,-3351.81,Unfavourable,39667.6,41357.0
2024-09-01,2025,Pet Supplies,1080484.59,1088612.58,8127.99,0.0075,Favourable,706086.86,725180.2,19093.34,Unfavourable,374397.73,363432.38,-10965.35,Unfavourable,44026.9,41176.7
2024-09-01,2025,Sporting Goods,2421860.14,2620763.94,198903.8,0.0821,Favourable,1716584.12,1806994.53,90410.41,Unfavourable,705276.02,813769.41,108493.39,Favourable,50381.3,52528.4
2024-09-01,2025,Tools & Hardware,1874648.67,1840468.78,-34179.89,-0.0182,Unfavourable,1311914.82,1259084.18,-52830.64,Favourable,562733.85,581384.6,18650.75,Favourable,49178.3,53974.7
2024-10-01,2025,Apparel & Accessories,822228.65,876379.97,54151.32,0.0659,Favourable,579429.78,627402.74,47972.96,Unfavourable,242798.87,248977.23,6178.36,Favourable,27178.0,25631.6
2024-10-01,2025,Consumer Electronics,4802540.0,4539247.89,-263292.11,-0.0548,Unfavourable,2951610.21,3386888.71,435278.5,Unfavourable,1850929.79,1152359.18,-698570.61,Unfavourable,81202.0,82395.3
2024-10-01,2025,Health & Beauty,936088.94,851850.34,-84238.6,-0.09,Unfavourable,585570.6,583963.07,-1607.53,Favourable,350518.34,267887.27,-82631.07,Unfavourable,52384.2,49433.3
2024-10-01,2025,Home & Kitchen,2555253.72,2433977.82,-121275.9,-0.0475,Unfavourable,1393449.4,1691567.27,298117.87,Unfavourable,1161804.32,742410.55,-419393.77,Unfavourable,71824.7,67268.9
2024-10-01,2025,Office & Stationery,446018.11,420075.21,-25942.9,-0.0582,Unfavourable,281451.34,291493.27,10041.93,Unfavourable,164566.77,128581.94,-35984.83,Unfavourable,30068.6,30618.9
2024-10-01,2025,Pet Supplies,1031959.35,1088949.55,56990.2,0.0552,Favourable,732727.91,740102.39,7374.48,Unfavourable,299231.44,348847.16,49615.72,Favourable,42952.6,40012.6
2024-10-01,2025,Sporting Goods,2386771.55,2323886.93,-62884.62,-0.0263,Unfavourable,1405954.28,1494688.67,88734.39,Unfavourable,980817.27,829198.26,-151619.01,Unfavourable,50108.6,47181.4
2024-10-01,2025,Tools & Hardware,1781352.39,1778906.42,-2445.97,-0.0014,Unfavourable,1307719.3,1242436.75,-65282.55,Favourable,473633.09,536469.67,62836.58,Favourable,56556.3,53708.4
2024-11-01,2025,Apparel & Accessories,741700.8,727826.63,-13874.17,-0.0187,Unfavourable,533425.04,509214.42,-24210.62,Favourable,208275.76,218612.21,10336.45,Favourable,20669.7,21627.9
2024-11-01,2025,Consumer Electronics,8912015.34,7441493.83,-1470521.51,-0.165,Unfavourable,4999758.5,5462906.65,463148.15,Unfavourable,3912256.84,1978587.18,-1933669.66,Unfavourable,129117.3,145483.5
2024-11-01,2025,Health & Beauty,1017633.97,971046.97,-46587.0,-0.0458,Unfavourable,621839.61,669602.48,47762.87,Unfavourable,395794.36,301444.49,-94349.87,Unfavourable,51815.3,55562.2
2024-11-01,2025,Home & Kitchen,3609777.65,3432826.94,-176950.71,-0.049,Unfavourable,2527463.09,2407099.35,-120363.74,Favourable,1082314.56,1025727.59,-56586.97,Unfavourable,92065.2,96448.3
2024-11-01,2025,Office & Stationery,454846.41,437664.34,-17182.07,-0.0378,Unfavourable,308630.32,297046.79,-11583.53,Favourable,146216.09,140617.55,-5598.54,Unfavourable,27915.0,30681.0
2024-11-01,2025,Pet Supplies,950370.92,926061.54,-24309.38,-0.0256,Unfavourable,699718.89,638149.46,-61569.43,Favourable,250652.03,287912.08,37260.05,Favourable,39605.5,38094.5
2024-11-01,2025,Sporting Goods,2314878.59,2222643.46,-92235.13,-0.0398,Unfavourable,1506190.97,1572460.25,66269.28,Unfavourable,808687.62,650183.21,-158504.41,Unfavourable,48827.4,46961.2
2024-11-01,2025,Tools & Hardware,1795117.9,1936820.98,141703.08,0.0789,Favourable,1269509.45,1340179.55,70670.1,Unfavourable,525608.45,596641.43,71032.98,Favourable,57100.5,60310.4
2024-12-01,2025,Apparel & Accessories,728205.55,748848.19,20642.64,0.0283,Favourable,492006.04,511413.77,19407.73,Unfavourable,236199.51,237434.42,1234.91,Favourable,24434.1,22551.7
2024-12-01,2025,Consumer Electronics,5607750.49,5655194.32,47443.83,0.0085,Favourable,3939435.44,4255404.17,315968.73,Unfavourable,1668315.05,1399790.15,-268524.9,Unfavourable,117547.8,108309.5
2024-12-01,2025,Health & Beauty,1096562.32,1006441.08,-90121.24,-0.0822,Unfavourable,646536.89,718857.9,72321.01,Unfavourable,450025.43,287583.18,-162442.25,Unfavourable,57116.8,58071.1
2024-12-01,2025,Home & Kitchen,3457705.51,3112971.37,-344734.14,-0.0997,Unfavourable,2230243.35,2166347.34,-63896.01,Favourable,1227462.16,946624.03,-280838.13,Unfavourable,84584.1,88747.6
2024-12-01,2025,Office & Stationery,356862.48,366867.47,10004.99,0.028,Favourable,274117.37,256809.33,-17308.04,Favourable,82745.11,110058.14,27313.03,Favourable,26727.1,27004.2
2024-12-01,2025,Pet Supplies,1485591.29,1344838.67,-140752.62,-0.0947,Unfavourable,850396.38,930431.77,80035.39,Unfavourable,635194.91,414406.9,-220788.01,Unfavourable,54461.5,54337.5
2024-12-01,2025,Sporting Goods,2192219.75,2623971.59,431751.84,0.1969,Favourable,1868099.22,1843730.7,-24368.52,Favourable,324120.53,780240.89,456120.36,Favourable,51274.2,55637.3
2024-12-01,2025,Tools & Hardware,1626478.53,1827129.47,200650.94,0.1234,Favourable,1231867.96,1242404.54,10536.58,Unfavourable,394610.57,584724.93,190114.36,Favourable,57156.5,57398.5
2025-01-01,2025,Apparel & Accessories,574685.34,607906.33,33220.99,0.0578,Favourable,453300.59,442690.82,-10609.77,Favourable,121384.75,165215.51,43830.76,Favourable,20594.2,19748.8
2025-01-01,2025,Consumer Electronics,4010892.23,3987247.53,-23644.7,-0.0059,Unfavourable,2872857.2,3069638.48,196781.28,Unfavourable,1138035.03,917609.05,-220425.98,Unfavourable,80084.8,74449.3
2025-01-01,2025,Health & Beauty,1444850.27,1189190.07,-255660.2,-0.1769,Unfavourable,873771.92,849631.92,-24140.0,Favourable,571078.35,339558.15,-231520.2,Unfavourable,70202.0,69210.1
2025-01-01,2025,Home & Kitchen,2367446.1,2124890.63,-242555.47,-0.1025,Unfavourable,1484938.83,1447909.65,-37029.18,Favourable,882507.27,676980.98,-205526.29,Unfavourable,63790.8,59553.9
2025-01-01,2025,Office & Stationery,593840.19,573776.27,-20063.92,-0.0338,Unfavourable,399801.76,402796.06,2994.3,Unfavourable,194038.43,170980.21,-23058.22,Unfavourable,40929.6,41096.3
2025-01-01,2025,Pet Supplies,1051648.83,1310951.43,259302.6,0.2466,Favourable,861700.8,920709.9,59009.1,Unfavourable,189948.03,390241.53,200293.5,Favourable,56749.4,52368.6
2025-01-01,2025,Sporting Goods,2941979.38,3240946.95,298967.57,0.1016,Favourable,2458339.36,2346944.54,-111394.82,Favourable,483640.02,894002.41,410362.39,Favourable,68786.8,70055.1
2025-01-01,2025,Tools & Hardware,1386464.89,1554868.08,168403.19,0.1215,Favourable,1056826.37,1116177.97,59351.6,Unfavourable,329638.52,438690.11,109051.59,Favourable,54771.9,49786.4
2025-02-01,2025,Apparel & Accessories,690522.8,729050.9,38528.1,0.0558,Favourable,497570.56,494210.23,-3360.33,Favourable,192952.24,234840.67,41888.43,Favourable,21898.6,21924.3
2025-02-01,2025,Consumer Electronics,3093874.04,3541062.78,447188.74,0.1445,Favourable,2833337.36,2681324.21,-152013.15,Favourable,260536.68,859738.57,599201.89,Favourable,69337.5,70577.0
2025-02-01,2025,Health & Beauty,1065555.89,994631.3,-70924.59,-0.0666,Unfavourable,691571.77,691800.97,229.2,Unfavourable,373984.12,302830.33,-71153.79,Unfavourable,62622.4,56673.2
2025-02-01,2025,Home & Kitchen,2486656.9,2231197.1,-255459.8,-0.1027,Unfavourable,1425730.32,1497751.87,72021.55,Unfavourable,1060926.58,733445.23,-327481.35,Unfavourable,67754.0,65683.2
2025-02-01,2025,Office & Stationery,463353.57,448740.54,-14613.03,-0.0315,Unfavourable,343294.02,320866.02,-22428.0,Favourable,120059.55,127874.52,7814.97,Favourable,33839.7,32814.2
2025-02-01,2025,Pet Supplies,1226526.66,1070899.01,-155627.65,-0.1269,Unfavourable,630868.49,718956.06,88087.57,Unfavourable,595658.17,351942.95,-243715.22,Unfavourable,36152.0,43245.5
2025-02-01,2025,Sporting Goods,2284885.32,2294027.31,9141.99,0.004,Favourable,1510615.11,1630691.71,120076.6,Unfavourable,774270.21,663335.6,-110934.61,Unfavourable,47622.1,50055.1
2025-02-01,2025,Tools & Hardware,2081996.96,2055107.72,-26889.24,-0.0129,Unfavourable,1690791.22,1490697.07,-200094.15,Favourable,391205.74,564410.65,173204.91,Favourable,74602.7,71380.8
2025-03-01,2025,Apparel & Accessories,911441.14,841387.76,-70053.38,-0.0769,Unfavourable,620968.32,596485.95,-24482.37,Favourable,290472.82,244901.81,-45571.01,Unfavourable,27953.9,26090.1
2025-03-01,2025,Consumer Electronics,4215989.33,4109067.98,-106921.35,-0.0254,Unfavourable,3419998.58,3163284.88,-256713.7,Favourable,795990.75,945783.1,149792.35,Favourable,77956.3,78590.6
2025-03-01,2025,Health & Beauty,942028.9,889506.43,-52522.47,-0.0558,Unfavourable,589171.76,598861.35,9689.59,Unfavourable,352857.14,290645.08,-62212.06,Unfavourable,55101.2,50802.7
2025-03-01,2025,Home & Kitchen,2205142.67,2470631.51,265488.84,0.1204,Favourable,1799616.6,1764845.62,-34770.98,Favourable,405526.07,705785.89,300259.82,Favourable,74831.8,69956.4
2025-03-01,2025,Office & Stationery,410167.04,427590.84,17423.8,0.0425,Favourable,312958.34,308991.74,-3966.6,Favourable,97208.7,118599.1,21390.4,Favourable,28970.0,30347.1
2025-03-01,2025,Pet Supplies,1058406.87,1037532.98,-20873.89,-0.0197,Unfavourable,695621.31,734770.47,39149.16,Unfavourable,362785.56,302762.51,-60023.05,Unfavourable,41241.8,41658.9
2025-03-01,2025,Sporting Goods,3019963.71,2951972.28,-67991.43,-0.0225,Unfavourable,2195407.03,2092134.93,-103272.1,Favourable,824556.68,859837.35,35280.67,Favourable,62212.1,62829.9
2025-03-01,2025,Tools & Hardware,2106031.63,1986158.46,-119873.17,-0.0569,Unfavourable,1379474.28,1374002.23,-5472.05,Favourable,726557.35,612156.23,-114401.12,Unfavourable,59324.1,61613.1
2025-04-01,2025,Apparel & Accessories,917216.09,970337.86,53121.77,0.0579,Favourable,702704.72,683046.15,-19658.57,Favourable,214511.37,287291.71,72780.34,Favourable,32985.6,31387.3
2025-04-01,2025,Consumer Electronics,3585340.36,3393971.86,-191368.5,-0.0534,Unfavourable,2603078.57,2512134.5,-90944.07,Favourable,982261.79,881837.36,-100424.43,Unfavourable,64696.7,62295.4
2025-04-01,2025,Health & Beauty,1005619.51,956675.85,-48943.66,-0.0487,Unfavourable,659387.72,672057.84,12670.12,Unfavourable,346231.79,284618.01,-61613.78,Unfavourable,62252.9,58330.1
2025-04-01,2025,Home & Kitchen,2412258.94,2316619.9,-95639.04,-0.0396,Unfavourable,1521837.19,1619280.46,97443.27,Unfavourable,890421.75,697339.44,-193082.31,Unfavourable,64942.0,65001.3
2025-04-01,2025,Office & Stationery,376526.62,358009.15,-18517.47,-0.0492,Unfavourable,267065.07,255084.91,-11980.16,Favourable,109461.55,102924.24,-6537.31,Unfavourable,23543.6,24830.5
2025-04-01,2025,Pet Supplies,1080279.09,1130218.23,49939.14,0.0462,Favourable,815519.87,805034.52,-10485.35,Favourable,264759.22,325183.71,60424.49,Favourable,43236.1,43071.2
2025-04-01,2025,Sporting Goods,2841101.2,2791683.95,-49417.25,-0.0174,Unfavourable,2030262.6,1995919.42,-34343.18,Favourable,810838.6,795764.53,-15074.07,Unfavourable,54088.2,57787.6
2025-04-01,2025,Tools & Hardware,2024015.47,2289066.37,265050.9,0.131,Favourable,1383112.56,1513134.75,130022.19,Unfavourable,640902.91,775931.62,135028.71,Favourable,73170.2,68654.9
2025-05-01,2025,Apparel & Accessories,766468.71,815847.53,49378.82,0.0644,Favourable,571019.95,575445.75,4425.8,Unfavourable,195448.76,240401.78,44953.02,Favourable,25265.5,25532.7
2025-05-01,2025,Consumer Electronics,4982032.06,4656956.99,-325075.07,-0.0652,Unfavourable,3432250.41,3387638.3,-44612.11,Favourable,1549781.65,1269318.69,-280462.96,Unfavourable,89212.1,92589.3
2025-05-01,2025,Health & Beauty,1064969.51,974189.89,-90779.62,-0.0852,Unfavourable,647099.98,635363.18,-11736.8,Favourable,417869.53,338826.71,-79042.82,Unfavourable,55507.8,55881.4
2025-05-01,2025,Home & Kitchen,2697455.38,2954162.86,256707.48,0.0952,Favourable,2389925.91,2155897.57,-234028.34,Favourable,307529.47,798265.29,490735.82,Favourable,80568.1,83202.4
2025-05-01,2025,Office & Stationery,422941.62,450842.07,27900.45,0.066,Favourable,320338.48,326184.74,5846.26,Unfavourable,102603.14,124657.33,22054.19,Favourable,29907.2,30690.3
2025-05-01,2025,Pet Supplies,899934.55,1033819.89,133885.34,0.1488,Favourable,751256.91,775977.16,24720.25,Unfavourable,148677.64,257842.73,109165.09,Favourable,44727.9,41587.9
2025-05-01,2025,Sporting Goods,3360420.27,3387330.64,26910.37,0.008,Favourable,2290621.65,2447829.66,157208.01,Unfavourable,1069798.62,939500.98,-130297.64,Unfavourable,70018.2,70428.3
2025-05-01,2025,Tools & Hardware,2459965.71,2300591.71,-159374.0,-0.0648,Unfavourable,1561287.66,1532688.19,-28599.47,Favourable,898678.05,767903.52,-130774.53,Unfavourable,73026.6,69512.0
2025-06-01,2025,Apparel & Accessories,739639.27,899740.63,160101.36,0.2165,Favourable,670006.5,638091.39,-31915.11,Favourable,69632.77,261649.24,192016.47,Favourable,24304.1,26569.9
2025-06-01,2025,Consumer Electronics,3920257.58,4061756.1,141498.52,0.0361,Favourable,2664713.73,2937651.21,272937.48,Unfavourable,1255543.85,1124104.89,-131438.96,Unfavourable,70339.7,81522.1
2025-06-01,2025,Health & Beauty,903968.48,988747.45,84778.97,0.0938,Favourable,608102.49,694279.32,86176.83,Unfavourable,295865.99,294468.13,-1397.86,Unfavourable,67673.8,61019.1
2025-06-01,2025,Home & Kitchen,2709228.81,2414117.79,-295111.02,-0.1089,Unfavourable,1753842.69,1711763.04,-42079.65,Favourable,955386.12,702354.75,-253031.37,Unfavourable,63942.3,66624.1
2025-06-01,2025,Office & Stationery,293372.5,331046.17,37673.67,0.1284,Favourable,263998.74,245702.74,-18296.0,Favourable,29373.76,85343.43,55969.67,Favourable,24648.3,22811.3
2025-06-01,2025,Pet Supplies,1072944.17,998729.62,-74214.55,-0.0692,Unfavourable,660543.88,720125.88,59582.0,Unfavourable,412400.29,278603.74,-133796.55,Unfavourable,35906.3,39147.4
2025-06-01,2025,Sporting Goods,3596818.78,3563063.32,-33755.46,-0.0094,Unfavourable,2439628.38,2527034.15,87405.77,Unfavourable,1157190.4,1036029.17,-121161.23,Unfavourable,77240.0,76928.1
2025-06-01,2025,Tools & Hardware,2429118.45,2485113.22,55994.77,0.0231,Favourable,1795258.57,1653713.78,-141544.79,Favourable,633859.88,831399.44,197539.56,Favourable,64918.5,74457.2
2025-07-01,2026,Apparel & Accessories,705667.65,668689.75,-36977.9,-0.0524,Unfavourable,511570.72,500663.07,-10907.65,Favourable,194096.93,168026.68,-26070.25,Unfavourable,21798.2,19658.9
2025-07-01,2026,Consumer Electronics,5121699.1,4776691.34,-345007.76,-0.0674,Unfavourable,3415493.42,3531231.18,115737.76,Unfavourable,1706205.68,1245460.16,-460745.52,Unfavourable,100382.6,89558.3
2025-07-01,2026,Health & Beauty,1087580.69,1162866.77,75286.08,0.0692,Favourable,771801.75,840413.24,68611.49,Unfavourable,315778.94,322453.53,6674.59,Favourable,78846.2,77627.4
2025-07-01,2026,Home & Kitchen,2466652.4,2358947.65,-107704.75,-0.0437,Unfavourable,1633683.99,1615494.72,-18189.27,Favourable,832968.41,743452.93,-89515.48,Unfavourable,66197.3,62283.7
2025-07-01,2026,Office & Stationery,383756.36,400215.16,16458.8,0.0429,Favourable,321863.63,303487.24,-18376.39,Favourable,61892.73,96727.92,34835.19,Favourable,29689.6,27245.3
2025-07-01,2026,Pet Supplies,966409.77,1133808.41,167398.64,0.1732,Favourable,728841.25,788867.8,60026.55,Unfavourable,237568.52,344940.61,107372.09,Favourable,39238.4,40684.6
2025-07-01,2026,Sporting Goods,3175703.59,3570062.32,394358.73,0.1242,Favourable,2521967.09,2489171.4,-32795.69,Favourable,653736.5,1080890.92,427154.42,Favourable,68989.4,74904.3
2025-07-01,2026,Tools & Hardware,1936043.58,1996897.55,60853.97,0.0314,Favourable,1377638.15,1321710.51,-55927.64,Favourable,558405.43,675187.04,116781.61,Favourable,66923.3,62565.4
2025-08-01,2026,Apparel & Accessories,702569.34,756287.73,53718.39,0.0765,Favourable,597674.66,565458.29,-32216.37,Favourable,104894.68,190829.44,85934.76,Favourable,24526.8,22880.2
2025-08-01,2026,Consumer Electronics,3681530.25,4116440.45,434910.2,0.1181,Favourable,3321302.78,3069419.68,-251883.1,Favourable,360227.47,1047020.77,686793.3,Favourable,81705.0,77868.9
2025-08-01,2026,Health & Beauty,912676.63,981409.77,68733.14,0.0753,Favourable,630731.21,667707.11,36975.9,Unfavourable,281945.42,313702.66,31757.24,Favourable,57828.3,60201.5
2025-08-01,2026,Home & Kitchen,2754348.69,2793819.79,39471.1,0.0143,Favourable,1866380.07,1897455.34,31075.27,Unfavourable,887968.62,896364.45,8395.83,Favourable,76501.3,82359.3
2025-08-01,2026,Office & Stationery,552580.68,517127.02,-35453.66,-0.0642,Unfavourable,379078.42,372736.93,-6341.49,Favourable,173502.26,144390.09,-29112.17,Unfavourable,34838.3,34966.5
2025-08-01,2026,Pet Supplies,1000542.35,1092461.43,91919.08,0.0919,Favourable,754271.23,737600.22,-16671.01,Favourable,246271.12,354861.21,108590.09,Favourable,38093.2,39096.4
2025-08-01,2026,Sporting Goods,2473258.34,2846425.12,373166.78,0.1509,Favourable,1868940.13,1957436.23,88496.1,Unfavourable,604318.21,888988.89,284670.68,Favourable,62457.7,60950.6
2025-08-01,2026,Tools & Hardware,2320673.53,2137183.79,-183489.74,-0.0791,Unfavourable,1269823.73,1370496.27,100672.54,Unfavourable,1050849.8,766687.52,-284162.28,Unfavourable,60226.3,63717.5
2025-09-01,2026,Apparel & Accessories,757870.9,861790.62,103919.72,0.1371,Favourable,573618.83,618913.16,45294.33,Unfavourable,184252.07,242877.46,58625.39,Favourable,23692.3,23475.0
2025-09-01,2026,Consumer Electronics,6137363.54,6074652.63,-62710.91,-0.0102,Unfavourable,5086336.53,4753949.41,-332387.12,Favourable,1051027.01,1320703.22,269676.21,Favourable,124340.4,121439.1
2025-09-01,2026,Health & Beauty,897842.38,861589.94,-36252.44,-0.0404,Unfavourable,604282.56,583555.83,-20726.73,Favourable,293559.82,278034.11,-15525.71,Unfavourable,49120.6,51596.6
2025-09-01,2026,Home & Kitchen,2540662.35,2588384.21,47721.86,0.0188,Favourable,1740150.35,1745690.6,5540.25,Unfavourable,800512.0,842693.61,42181.61,Favourable,75522.5,76426.6
2025-09-01,2026,Office & Stationery,406920.27,547047.5,140127.23,0.3444,Favourable,380960.53,390795.69,9835.16,Unfavourable,25959.74,156251.81,130292.07,Favourable,37036.3,36480.6
2025-09-01,2026,Pet Supplies,1135956.25,1092475.04,-43481.21,-0.0383,Unfavourable,789148.66,776944.68,-12203.98,Favourable,346807.59,315530.36,-31277.23,Unfavourable,39066.1,38717.6
2025-09-01,2026,Sporting Goods,2949028.91,2897897.27,-51131.64,-0.0173,Unfavourable,2152713.02,2114447.1,-38265.92,Favourable,796315.89,783450.17,-12865.72,Unfavourable,69250.5,62173.8
2025-09-01,2026,Tools & Hardware,2396208.68,2254234.34,-141974.34,-0.0592,Unfavourable,1588477.73,1655642.95,67165.22,Unfavourable,807730.95,598591.39,-209139.56,Unfavourable,70272.8,65157.2
2025-10-01,2026,Apparel & Accessories,881395.13,837362.1,-44033.03,-0.05,Unfavourable,580706.24,602295.87,21589.63,Unfavourable,300688.89,235066.23,-65622.66,Unfavourable,25503.3,23177.7
2025-10-01,2026,Consumer Electronics,4335439.68,4856253.9,520814.22,0.1201,Favourable,3717139.32,3569309.6,-147829.72,Favourable,618300.36,1286944.3,668643.94,Favourable,85969.0,86894.1
2025-10-01,2026,Health & Beauty,884361.48,856157.44,-28204.04,-0.0319,Unfavourable,560390.85,585478.37,25087.52,Unfavourable,323970.63,270679.07,-53291.56,Unfavourable,52363.3,52086.9
2025-10-01,2026,Home & Kitchen,2447657.84,2627880.91,180223.07,0.0736,Favourable,1674292.48,1652443.8,-21848.68,Favourable,773365.36,975437.11,202071.75,Favourable,77691.8,73150.4
2025-10-01,2026,Office & Stationery,385039.12,390957.78,5918.66,0.0154,Favourable,258890.04,269672.67,10782.63,Unfavourable,126149.08,121285.11,-4863.97,Unfavourable,24319.0,25483.8
2025-10-01,2026,Pet Supplies,1310288.49,1231406.74,-78881.75,-0.0602,Unfavourable,723715.76,822753.74,99037.98,Unfavourable,586572.73,408653.0,-177919.73,Unfavourable,48556.4,43766.8
2025-10-01,2026,Sporting Goods,2484355.58,2482211.95,-2143.63,-0.0009,Unfavourable,1629100.67,1764214.26,135113.59,Unfavourable,855254.91,717997.69,-137257.22,Unfavourable,47163.1,50422.8
2025-10-01,2026,Tools & Hardware,1940925.54,1888429.32,-52496.22,-0.027,Unfavourable,1419569.41,1279150.5,-140418.91,Favourable,521356.13,609278.82,87922.69,Favourable,54616.6,54493.9
2025-11-01,2026,Apparel & Accessories,623276.74,772815.41,149538.67,0.2399,Favourable,574347.65,555706.4,-18641.25,Favourable,48929.09,217109.01,168179.92,Favourable,21860.7,21194.2
2025-11-01,2026,Consumer Electronics,8134388.24,7619484.32,-514903.92,-0.0633,Unfavourable,5053160.93,5355513.76,302352.83,Unfavourable,3081227.31,2263970.56,-817256.75,Unfavourable,151655.0,152304.0
2025-11-01,2026,Health & Beauty,1145794.27,1234871.79,89077.52,0.0777,Favourable,875201.67,866943.97,-8257.7,Favourable,270592.6,367927.82,97335.22,Favourable,69853.2,71702.1
2025-11-01,2026,Home & Kitchen,4046459.26,3941839.65,-104619.61,-0.0259,Unfavourable,2491014.48,2574303.72,83289.24,Unfavourable,1555444.78,1367535.93,-187908.85,Unfavourable,109971.8,123932.6
2025-11-01,2026,Office & Stationery,394043.62,391793.05,-2250.57,-0.0057,Unfavourable,252787.58,276662.71,23875.13,Unfavourable,141256.04,115130.34,-26125.7,Unfavourable,29432.0,25417.0
2025-11-01,2026,Pet Supplies,1104757.57,1050102.36,-54655.21,-0.0495,Unfavourable,730421.82,696099.27,-34322.55,Favourable,374335.75,354003.09,-20332.66,Unfavourable,36612.3,39140.2
2025-11-01,2026,Sporting Goods,2605325.66,2508706.67,-96618.99,-0.0371,Unfavourable,1858001.35,1787049.6,-70951.75,Favourable,747324.31,721657.07,-25667.24,Unfavourable,50757.7,56667.0
2025-11-01,2026,Tools & Hardware,1886664.36,1857409.51,-29254.85,-0.0155,Unfavourable,1392487.86,1286006.0,-106481.86,Favourable,494176.5,571403.51,77227.01,Favourable,50542.5,55566.3
2025-12-01,2026,Apparel & Accessories,913424.01,820897.92,-92526.09,-0.1013,Unfavourable,571692.87,554115.06,-17577.81,Favourable,341731.14,266782.86,-74948.28,Unfavourable,20267.9,22250.9
2025-12-01,2026,Consumer Electronics,5344956.69,5470405.66,125448.97,0.0235,Favourable,4253675.23,3773643.36,-480031.87,Favourable,1091281.46,1696762.3,605480.84,Favourable,99972.0,102799.9
2025-12-01,2026,Health & Beauty,1200422.77,1106389.9,-94032.87,-0.0783,Unfavourable,707872.38,763062.75,55190.37,Unfavourable,492550.39,343327.15,-149223.24,Unfavourable,63752.9,63777.6
2025-12-01,2026,Home & Kitchen,3298525.52,3103737.28,-194788.24,-0.0591,Unfavourable,2179853.54,2091401.45,-88452.09,Favourable,1118671.98,1012335.83,-106336.15,Unfavourable,88843.4,95088.8
2025-12-01,2026,Office & Stationery,330268.72,325651.61,-4617.11,-0.014,Unfavourable,211086.35,228339.45,17253.1,Unfavourable,119182.37,97312.16,-21870.21,Unfavourable,23059.6,21659.6
2025-12-01,2026,Pet Supplies,1016943.13,1247007.97,230064.84,0.2262,Favourable,831725.56,796063.43,-35662.13,Favourable,185217.57,450944.54,265726.97,Favourable,46470.1,46923.0
2025-12-01,2026,Sporting Goods,2918992.0,2888587.58,-30404.42,-0.0104,Unfavourable,1827037.6,2066310.4,239272.8,Unfavourable,1091954.4,822277.18,-269677.22,Unfavourable,62721.2,61804.3
2025-12-01,2026,Tools & Hardware,1874366.2,2138671.39,264305.19,0.141,Favourable,1689407.31,1564503.92,-124903.39,Favourable,184958.89,574167.47,389208.58,Favourable,66279.1,65452.4
2026-01-01,2026,Apparel & Accessories,621652.14,663637.69,41985.55,0.0675,Favourable,493382.7,480236.86,-13145.84,Favourable,128269.44,183400.83,55131.39,Favourable,18818.1,18831.0
2026-01-01,2026,Consumer Electronics,4203098.02,4515714.58,312616.56,0.0744,Favourable,2594375.87,3068336.52,473960.65,Unfavourable,1608722.15,1447378.06,-161344.09,Unfavourable,100364.3,89473.3
2026-01-01,2026,Health & Beauty,1553580.21,1472850.18,-80730.03,-0.052,Unfavourable,912163.63,1038819.24,126655.61,Unfavourable,641416.58,434030.94,-207385.64,Unfavourable,99552.3,96410.2
2026-01-01,2026,Home & Kitchen,2424677.35,2302867.65,-121809.7,-0.0502,Unfavourable,1780170.81,1610557.18,-169613.63,Favourable,644506.54,692310.47,47803.93,Favourable,66099.5,68754.8
2026-01-01,2026,Office & Stationery,540061.18,521096.87,-18964.31,-0.0351,Unfavourable,309077.69,355211.76,46134.07,Unfavourable,230983.49,165885.11,-65098.38,Unfavourable,34074.0,32990.1
2026-01-01,2026,Pet Supplies,1334907.1,1228439.82,-106467.28,-0.0798,Unfavourable,788115.85,817692.27,29576.42,Unfavourable,546791.25,410747.55,-136043.7,Unfavourable,43672.4,43970.2
2026-01-01,2026,Sporting Goods,3296085.52,2959931.47,-336154.05,-0.102,Unfavourable,2083731.96,2135865.07,52133.11,Unfavourable,1212353.56,824066.4,-388287.16,Unfavourable,64094.6,60962.3
2026-01-01,2026,Tools & Hardware,1685426.24,1596734.45,-88691.79,-0.0526,Unfavourable,1436556.26,1227229.81,-209326.45,Favourable,248869.98,369504.64,120634.66,Favourable,51530.6,48185.0
2026-02-01,2026,Apparel & Accessories,626803.64,610338.82,-16464.82,-0.0263,Unfavourable,390889.79,414474.11,23584.32,Unfavourable,235913.85,195864.71,-40049.14,Unfavourable,17434.0,17888.4
2026-02-01,2026,Consumer Electronics,3698655.1,3808019.63,109364.53,0.0296,Favourable,2675765.83,2582954.95,-92810.88,Favourable,1022889.27,1225064.68,202175.41,Favourable,72504.0,79303.5
2026-02-01,2026,Health & Beauty,1029856.92,1079715.18,49858.26,0.0484,Favourable,681090.87,736725.2,55634.33,Unfavourable,348766.05,342989.98,-5776.07,Unfavourable,65716.0,66782.1
2026-02-01,2026,Home & Kitchen,2787265.6,2447054.81,-340210.79,-0.1221,Unfavourable,1789814.32,1703292.73,-86521.59,Favourable,997451.28,743762.08,-253689.2,Unfavourable,71274.1,75986.1
2026-02-01,2026,Office & Stationery,402994.31,389607.85,-13386.46,-0.0332,Unfavourable,304127.45,275280.1,-28847.35,Favourable,98866.86,114327.75,15460.89,Favourable,26472.9,27210.2
2026-02-01,2026,Pet Supplies,1084197.57,1120538.59,36341.02,0.0335,Favourable,815033.52,766257.34,-48776.18,Favourable,269164.05,354281.25,85117.2,Favourable,42485.4,40966.3
2026-02-01,2026,Sporting Goods,2300331.53,2815046.64,514715.11,0.2238,Favourable,2224537.6,2027293.0,-197244.6,Favourable,75793.93,787753.64,711959.71,Favourable,58199.5,60088.9
2026-02-01,2026,Tools & Hardware,2067080.55,1875087.01,-191993.54,-0.0929,Unfavourable,1367696.36,1441789.05,74092.69,Unfavourable,699384.19,433297.96,-266086.23,Unfavourable,63379.0,54835.3
2026-03-01,2026,Apparel & Accessories,790200.13,740346.36,-49853.77,-0.0631,Unfavourable,550285.16,521702.06,-28583.1,Favourable,239914.97,218644.3,-21270.67,Unfavourable,19517.9,20987.1
2026-03-01,2026,Consumer Electronics,4923951.36,4539038.99,-384912.37,-0.0782,Unfavourable,2898348.94,2947068.34,48719.4,Unfavourable,2025602.42,1591970.65,-433631.77,Unfavourable,97370.4,99171.0
2026-03-01,2026,Health & Beauty,950266.52,914774.78,-35491.74,-0.0373,Unfavourable,568148.54,606219.64,38071.1,Unfavourable,382117.98,308555.14,-73562.84,Unfavourable,48369.1,48635.9
2026-03-01,2026,Home & Kitchen,2537397.5,2343410.09,-193987.41,-0.0765,Unfavourable,1501787.47,1636526.08,134738.61,Unfavourable,1035610.03,706884.01,-328726.02,Unfavourable,58721.4,65316.8
2026-03-01,2026,Office & Stationery,387685.17,394947.95,7262.78,0.0187,Favourable,277877.6,279843.78,1966.18,Unfavourable,109807.57,115104.17,5296.6,Favourable,25230.3,26080.2
2026-03-01,2026,Pet Supplies,1198503.0,1124431.45,-74071.55,-0.0618,Unfavourable,704644.68,771966.71,67322.03,Unfavourable,493858.32,352464.74,-141393.58,Unfavourable,42478.5,40492.8
2026-03-01,2026,Sporting Goods,2680719.81,3104873.59,424153.78,0.1582,Favourable,2384390.21,2333291.5,-51098.71,Favourable,296329.6,771582.09,475252.49,Favourable,72413.4,69998.5
2026-03-01,2026,Tools & Hardware,1867181.5,1918196.77,51015.27,0.0273,Favourable,1340642.91,1430194.75,89551.84,Unfavourable,526538.59,488002.02,-38536.57,Unfavourable,44997.5,49922.4
2026-04-01,2026,Apparel & Accessories,770361.67,713500.56,-56861.11,-0.0738,Unfavourable,492551.07,505176.89,12625.82,Unfavourable,277810.6,208323.67,-69486.93,Unfavourable,20936.5,20915.5
2026-04-01,2026,Consumer Electronics,4436696.07,4642035.28,205339.21,0.0463,Favourable,3413350.39,3118856.45,-294493.94,Favourable,1023345.68,1523178.83,499833.15,Favourable,109005.8,105158.6
2026-04-01,2026,Health & Beauty,955765.34,977165.25,21399.91,0.0224,Favourable,619807.82,660906.99,41099.17,Unfavourable,335957.52,316258.26,-19699.26,Unfavourable,61950.1,52484.4
2026-04-01,2026,Home & Kitchen,2345304.65,2529261.15,183956.5,0.0784,Favourable,1693756.1,1812276.01,118519.91,Unfavourable,651548.55,716985.14,65436.59,Favourable,68089.7,72255.2
2026-04-01,2026,Office & Stationery,371019.97,350863.22,-20156.75,-0.0543,Unfavourable,233668.28,253763.78,20095.5,Unfavourable,137351.69,97099.44,-40252.25,Unfavourable,21877.4,23081.7
2026-04-01,2026,Pet Supplies,1235602.79,1198616.65,-36986.14,-0.0299,Unfavourable,660595.39,799117.44,138522.05,Unfavourable,575007.4,399499.21,-175508.19,Unfavourable,39616.4,42100.8
2026-04-01,2026,Sporting Goods,2795241.91,3407102.44,611860.53,0.2189,Favourable,2297970.0,2545664.75,247694.75,Unfavourable,497271.91,861437.69,364165.78,Favourable,77256.7,72549.1
2026-04-01,2026,Tools & Hardware,2079301.43,2057241.91,-22059.52,-0.0106,Unfavourable,1481601.92,1428956.99,-52644.93,Favourable,597699.51,628284.92,30585.41,Favourable,58345.5,54813.9
2026-05-01,2026,Apparel & Accessories,805322.0,770803.2,-34518.8,-0.0429,Unfavourable,521701.4,545469.09,23767.69,Unfavourable,283620.6,225334.11,-58286.49,Unfavourable,24698.9,23334.1
2026-05-01,2026,Consumer Electronics,6612015.21,6059129.97,-552885.24,-0.0836,Unfavourable,3769740.61,4109176.02,339435.41,Unfavourable,2842274.6,1949953.95,-892320.65,Unfavourable,150895.1,147315.1
2026-05-01,2026,Health & Beauty,1139849.19,1162436.05,22586.86,0.0198,Favourable,782501.22,810733.3,28232.08,Unfavourable,357347.97,351702.75,-5645.22,Unfavourable,73234.4,67186.9
2026-05-01,2026,Home & Kitchen,2365843.59,2925395.58,559551.99,0.2365,Favourable,2294354.12,2175060.1,-119294.02,Favourable,71489.47,750335.48,678846.01,Favourable,96047.2,88276.5
2026-05-01,2026,Office & Stationery,417177.05,409510.74,-7666.31,-0.0184,Unfavourable,320093.4,302171.22,-17922.18,Favourable,97083.65,107339.52,10255.87,Favourable,26673.7,26598.2
2026-05-01,2026,Pet Supplies,1188176.29,1167277.22,-20899.07,-0.0176,Unfavourable,866673.76,819935.39,-46738.37,Favourable,321502.53,347341.83,25839.3,Favourable,45176.7,40120.1
2026-05-01,2026,Sporting Goods,4194617.54,3791316.45,-403301.09,-0.0961,Unfavourable,3007757.72,2934965.86,-72791.86,Favourable,1186859.82,856350.59,-330509.23,Unfavourable,80798.8,84481.1
2026-05-01,2026,Tools & Hardware,2554386.92,2402228.48,-152158.44,-0.0596,Unfavourable,1774370.27,1743946.74,-30423.53,Favourable,780016.65,658281.74,-121734.91,Unfavourable,65239.6,63823.9
2026-06-01,2026,Apparel & Accessories,781567.17,865635.41,84068.24,0.1076,Favourable,549906.24,585380.54,35474.3,Unfavourable,231660.93,280254.87,48593.94,Favourable,26345.0,24843.2
2026-06-01,2026,Consumer Electronics,5098073.92,4850740.35,-247333.57,-0.0485,Unfavourable,3155518.68,3345687.55,190168.87,Unfavourable,1942555.24,1505052.8,-437502.44,Unfavourable,105218.4,103908.4
2026-06-01,2026,Health & Beauty,1112557.87,1171165.47,58607.6,0.0527,Favourable,924710.49,824899.74,-99810.75,Favourable,187847.38,346265.73,158418.35,Favourable,67985.8,67826.1
2026-06-01,2026,Home & Kitchen,2589778.91,2228216.64,-361562.27,-0.1396,Unfavourable,1267285.63,1526544.67,259259.04,Unfavourable,1322493.28,701671.97,-620821.31,Unfavourable,62215.9,62049.0
2026-06-01,2026,Office & Stationery,325405.77,357442.47,32036.7,0.0985,Favourable,291077.44,279266.67,-11810.77,Favourable,34328.33,78175.8,43847.47,Favourable,26381.2,23540.5
2026-06-01,2026,Pet Supplies,1203059.73,1077738.54,-125321.19,-0.1042,Unfavourable,781436.38,781962.83,526.45,Unfavourable,421623.35,295775.71,-125847.64,Unfavourable,38315.8,38411.8
2026-06-01,2026,Sporting Goods,3243544.81,3409809.15,166264.34,0.0513,Favourable,2323817.77,2434316.05,110498.28,Unfavourable,919727.04,975493.1,55766.06,Favourable,77526.3,74841.1
2026-06-01,2026,Tools & Hardware,2643492.97,2650036.28,6543.31,0.0025,Favourable,1901488.92,1900958.23,-530.69,Favourable,742004.05,749078.05,7074.0,Favourable,63590.8,71955.2
