scope,member,products,observations,elasticity,r_squared,price_cv,usable,reason,volume_units,pocket_revenue,avg_pocket_price,avg_unit_cost,optimal_price,optimal_exists,optimal_actionable,implied_markup,optimal_note,price_vs_optimal_pct,description,category,brand_tier,seeded_elasticity
Category,Apparel & Accessories,19,489,-1.5148,0.0707,0.0741,True,ok,930134.5,20838219.23,22.4034,18.7781,55.2553,True,True,2.943,ok,-0.5945,,,,
Category,Consumer Electronics,46,1334,-1.794,0.2508,0.0888,True,ok,4169278.4,327593569.11,78.5732,57.6932,130.3507,True,True,2.259,ok,-0.3972,,,,
Category,Health & Beauty,29,862,-1.0609,0.0466,0.0594,True,ok,2268774.1,35865740.64,15.8084,10.7801,187.6676,True,False,17.409,e = -1.06 implies a markup of 17.4x cost. That is what the formula says and it is not a recommendation: the elasticity was fitted around today's price and says nothing about demand at several times it,,,,,
Category,Home & Kitchen,34,989,-1.3954,0.0691,0.0619,True,ok,1878690.6,66145173.88,35.2081,25.2481,89.1009,True,True,3.529,ok,-0.6049,,,,
Category,Office & Stationery,30,934,-1.9925,0.2549,0.11,True,ok,1221310.1,15026398.65,12.3035,9.5889,19.2503,True,True,2.008,ok,-0.3609,,,,
Category,Pet Supplies,22,691,-0.7933,0.0241,0.0905,True,ok,1306243.0,26862563.28,20.5648,15.6908,,False,False,,"demand is inelastic (e = -0.79); profit rises with every price increase, so the ceiling is competitive or contractual, not mathematical",,,,,
Category,Sporting Goods,24,719,-1.7572,0.0945,0.0859,True,ok,1376111.1,61021514.1,44.3434,34.2504,79.4833,True,True,2.321,ok,-0.4421,,,,
Category,Tools & Hardware,35,1044,-1.4006,0.0922,0.095,True,ok,2053737.8,57559181.94,28.0265,20.3335,71.0866,True,True,3.496,ok,-0.6057,,,,
Product,20000,1,32,-1.9903,0.3873,0.0872,True,ok,52224.2,2609460.12,49.9665,36.9495,74.2605,True,True,2.01,ok,-0.3271,Wireless Earbuds - Private label,Consumer Electronics,Private label,-2.1184
Product,20001,1,31,-1.5619,0.1594,0.0246,True,ok,47446.3,729403.57,15.3732,10.437,29.0127,True,True,2.78,ok,-0.4701,Multivitamin - Private label,Health & Beauty,Private label,-1.2378
Product,20002,1,32,-0.3409,0.0109,0.0511,True,ok,90114.5,3940845.12,43.7315,35.4278,,False,False,,"demand is inelastic (e = -0.34); profit rises with every price increase, so the ceiling is competitive or contractual, not mathematical",,Safety Boots - Value,Apparel & Accessories,Value,-2.3131
Product,20003,1,33,-1.2735,0.333,0.0972,True,ok,290872.1,7469714.22,25.6804,21.4517,99.8872,True,True,4.656,ok,-0.7429,Storage Bins - National brand,Home & Kitchen,National brand,-1.6071
Product,20004,1,30,-2.01,0.286,0.0746,True,ok,94305.8,2282883.11,24.2072,17.8858,35.5941,True,True,1.99,ok,-0.3199,Camping Tent - Premium brand,Sporting Goods,Premium brand,-1.4026
Product,20005,1,30,-1.1935,0.0793,0.0498,True,ok,4262.8,128247.53,30.0851,18.2373,112.5106,True,False,6.169,e = -1.19 implies a markup of 6.2x cost. That is what the formula says and it is not a recommendation: the elasticity was fitted around today's price and says nothing about demand at several times it,,Backpack - Private label,Apparel & Accessories,Private label,-1.7237
Product,20006,1,31,-0.0496,0.3719,0.0299,False,"slope -0.05 is not a downward demand curve; volume rose with price, so something other than price is driving it",70716.2,2379131.04,33.6434,19.6057,,False,False,,"demand is inelastic (e = -0.05); profit rises with every price increase, so the ceiling is competitive or contractual, not mathematical",,Electric Toothbrush - Premium brand,Health & Beauty,Premium brand,-0.9488
Product,20007,1,32,1.0471,0.1945,0.0284,False,"slope +1.05 is not a downward demand curve; volume rose with price, so something other than price is driving it",6633.4,118611.53,17.881,15.9559,,False,False,,"demand is inelastic (e = +1.05); profit rises with every price increase, so the ceiling is competitive or contractual, not mathematical",,Pet Bed - Value,Pet Supplies,Value,-1.1867
Product,20008,1,32,-1.1828,0.4143,0.0673,True,ok,41678.7,671056.74,16.1007,13.1555,85.1127,True,False,6.47,e = -1.18 implies a markup of 6.5x cost. That is what the formula says and it is not a recommendation: the elasticity was fitted around today's price and says nothing about demand at several times it,,Electric Toothbrush - Value,Health & Beauty,Value,-1.4568
Product,20009,1,30,-3.3162,0.4528,0.1173,True,ok,25955.6,609972.92,23.5006,14.1942,20.3225,True,True,1.432,ok,0.1564,Toner Cartridge - Private label,Office & Stationery,Private label,-1.8612
Product,20010,1,31,-1.5407,0.1415,0.0501,True,ok,33371.8,1208803.32,36.2222,32.3636,92.2234,True,True,2.85,ok,-0.6072,Adjustable Dumbbells - National brand,Sporting Goods,National brand,-1.8587
Product,20011,1,31,-1.3175,0.2393,0.1095,True,ok,1541.6,26294.58,17.0566,16.1063,66.8319,True,True,4.149,ok,-0.7448,Cordless Drill - Value,Tools & Hardware,Value,-1.7666
Product,20012,1,33,-1.1043,0.1136,0.062,True,ok,51148.9,661422.0,12.9313,6.8698,72.7555,True,False,10.591,e = -1.10 implies a markup of 10.6x cost. That is what the formula says and it is not a recommendation: the elasticity was fitted around today's price and says nothing about demand at several times it,,Vacuum Sealer - Private label,Home & Kitchen,Private label,-1.5663
Product,20013,1,32,-2.8431,0.2715,0.0541,True,ok,305699.1,20328873.08,66.4996,48.3365,74.5619,True,True,1.543,ok,-0.1081,Webcam - National brand,Consumer Electronics,National brand,-2.4894
Product,20014,1,31,-0.5141,0.0209,0.0704,True,ok,10826.0,369845.77,34.1627,16.9022,,False,False,,"demand is inelastic (e = -0.51); profit rises with every price increase, so the ceiling is competitive or contractual, not mathematical",,Grooming Kit - Premium brand,Pet Supplies,Premium brand,-0.7835
Product,20015,1,31,-0.9516,0.6131,0.0493,True,ok,15766.4,175533.49,11.1334,8.5264,,False,False,,"demand is inelastic (e = -0.95); profit rises with every price increase, so the ceiling is competitive or contractual, not mathematical",,Body Wash - Value,Health & Beauty,Value,-1.4505
Product,20016,1,31,-0.7918,0.1103,0.0554,True,ok,17609.8,270862.18,15.3814,11.4409,,False,False,,"demand is inelastic (e = -0.79); profit rises with every price increase, so the ceiling is competitive or contractual, not mathematical",,Gel Pens - National brand,Office & Stationery,National brand,-1.9746
Product,20017,1,31,-1.1523,0.5987,0.1081,True,ok,84826.8,2038799.08,24.0348,16.5636,125.3276,True,False,7.566,e = -1.15 implies a markup of 7.6x cost. That is what the formula says and it is not a recommendation: the elasticity was fitted around today's price and says nothing about demand at several times it,,Webcam - National brand,Consumer Electronics,National brand,-2.2731
Product,20018,1,29,-2.748,0.3001,0.0587,True,ok,6163.9,456731.91,74.0984,44.7444,70.3427,True,True,1.572,ok,0.0534,Mechanical Keyboard - Premium brand,Consumer Electronics,Premium brand,-2.0378
Product,20019,1,30,-1.1552,0.0663,0.0486,True,ok,46791.4,336617.98,7.194,5.0632,37.6798,True,False,7.442,e = -1.16 implies a markup of 7.4x cost. That is what the formula says and it is not a recommendation: the elasticity was fitted around today's price and says nothing about demand at several times it,,Gel Pens - Private label,Office & Stationery,Private label,-1.663
Product,20020,1,32,-1.2186,0.1107,0.0754,True,ok,166792.9,8257172.09,49.5055,31.8449,177.5315,True,False,5.575,e = -1.22 implies a markup of 5.6x cost. That is what the formula says and it is not a recommendation: the elasticity was fitted around today's price and says nothing about demand at several times it,,Cutlery Block - Private label,Home & Kitchen,Private label,-1.3942
Product,20021,1,32,0.0443,0.0001,0.0344,False,"slope +0.04 is not a downward demand curve; volume rose with price, so something other than price is driving it",27457.2,979858.69,35.6867,30.3306,,False,False,,"demand is inelastic (e = +0.04); profit rises with every price increase, so the ceiling is competitive or contractual, not mathematical",,Bedding Set - National brand,Home & Kitchen,National brand,-1.899
Product,20022,1,31,-1.8903,0.5191,0.0946,True,ok,56374.5,2257246.91,40.0402,34.304,72.8369,True,True,2.123,ok,-0.4503,Tool Chest - Value,Tools & Hardware,Value,-1.7455
Product,20023,1,32,-0.3915,0.0157,0.0719,True,ok,21153.4,518144.17,24.4946,20.2653,,False,False,,"demand is inelastic (e = -0.39); profit rises with every price increase, so the ceiling is competitive or contractual, not mathematical",,Adjustable Dumbbells - National brand,Sporting Goods,National brand,-1.9568
Product,20024,1,31,-1.4644,0.6233,0.0779,True,ok,46411.0,1595518.01,34.378,26.3138,82.9762,True,True,3.153,ok,-0.5857,Tool Chest - Value,Tools & Hardware,Value,-1.5858
Product,20025,1,31,-0.9178,0.2411,0.0732,True,ok,59439.1,2159450.11,36.3305,29.9967,,False,False,,"demand is inelastic (e = -0.92); profit rises with every price increase, so the ceiling is competitive or contractual, not mathematical",,Bedding Set - National brand,Home & Kitchen,National brand,-1.631
Product,20026,1,32,-0.7164,0.2505,0.0689,True,ok,7407.3,255309.0,34.467,27.8135,,False,False,,"demand is inelastic (e = -0.72); profit rises with every price increase, so the ceiling is competitive or contractual, not mathematical",,Socket Set - National brand,Tools & Hardware,National brand,-1.5605
Product,20027,1,32,-0.8084,0.4109,0.217,True,ok,6529.9,157134.21,24.0637,19.3827,,False,False,,"demand is inelastic (e = -0.81); profit rises with every price increase, so the ceiling is competitive or contractual, not mathematical",,Dry Dog Food - National brand,Pet Supplies,National brand,-1.0409
Product,20028,1,33,,0.0,0.0122,False,price varies by 1.2%; there is nothing to regress against,185021.8,4907616.96,26.5245,21.8898,,False,False,,"demand is inelastic (e = +0.00); profit rises with every price increase, so the ceiling is competitive or contractual, not mathematical",,Adjustable Dumbbells - Value,Sporting Goods,Value,-1.9985
Product,20029,1,30,-2.4016,0.1236,0.0467,True,ok,15995.1,423681.85,26.4881,16.2184,27.7898,True,True,1.713,ok,-0.0468,Fastener Assortment - Private label,Tools & Hardware,Private label,-1.508
Product,20030,1,32,-1.4778,0.0427,0.0687,True,ok,85394.2,1055032.43,12.3549,9.7874,30.2712,True,True,3.093,ok,-0.5919,Dry Dog Food - National brand,Pet Supplies,National brand,-1.2106
Product,20031,1,33,-1.9389,0.1625,0.0426,True,ok,12091.5,65339.77,5.4038,4.2115,8.697,True,True,2.065,ok,-0.3787,Body Wash - National brand,Health & Beauty,National brand,-1.1267
Product,20032,1,31,0.2683,0.0193,0.0538,False,"slope +0.27 is not a downward demand curve; volume rose with price, so something other than price is driving it",35136.8,528312.04,15.0359,12.9187,,False,False,,"demand is inelastic (e = +0.27); profit rises with every price increase, so the ceiling is competitive or contractual, not mathematical",,Body Wash - National brand,Health & Beauty,National brand,-1.5082
Product,20033,1,32,-1.3821,0.1518,0.1093,True,ok,21514.4,222495.53,10.3417,10.3708,37.5095,True,True,3.617,ok,-0.7243,Hair Dryer - Value,Health & Beauty,Value,-1.4191
Product,20034,1,34,-0.471,0.0831,0.0464,True,ok,301231.7,21796000.94,72.3563,47.1202,,False,False,,"demand is inelastic (e = -0.47); profit rises with every price increase, so the ceiling is competitive or contractual, not mathematical",,Smart Plug - Premium brand,Consumer Electronics,Premium brand,-1.8056
Product,20035,1,31,-1.2228,0.3077,0.0541,True,ok,56020.4,2286537.43,40.8161,25.1439,137.9984,True,False,5.488,e = -1.22 implies a markup of 5.5x cost. That is what the formula says and it is not a recommendation: the elasticity was fitted around today's price and says nothing about demand at several times it,,Camping Tent - Premium brand,Sporting Goods,Premium brand,-1.5407
Product,20036,1,32,-1.8514,0.2091,0.0421,True,ok,81549.7,789415.57,9.6802,8.4596,18.3954,True,True,2.175,ok,-0.4738,Laptop Sleeve - National brand,Apparel & Accessories,National brand,-2.0046
Product,20037,1,31,-0.8111,0.3626,0.1099,True,ok,72155.4,2052518.3,28.4458,21.204,,False,False,,"demand is inelastic (e = -0.81); profit rises with every price increase, so the ceiling is competitive or contractual, not mathematical",,Socket Set - National brand,Tools & Hardware,National brand,-1.8218
Product,20039,1,30,0.5958,0.1511,0.0647,False,"slope +0.60 is not a downward demand curve; volume rose with price, so something other than price is driving it",64264.5,4834888.32,75.2342,49.5505,,False,False,,"demand is inelastic (e = +0.60); profit rises with every price increase, so the ceiling is competitive or contractual, not mathematical",,Blender - Premium brand,Home & Kitchen,Premium brand,-1.3666
Product,20040,1,31,-0.9334,0.102,0.0655,True,ok,7018.8,305608.28,43.5417,28.3327,,False,False,,"demand is inelastic (e = -0.93); profit rises with every price increase, so the ceiling is competitive or contractual, not mathematical",,Blender - Private label,Home & Kitchen,Private label,-1.5433
Product,20041,1,32,-0.6557,0.088,0.0928,True,ok,18848.8,622933.05,33.0489,23.2695,,False,False,,"demand is inelastic (e = -0.66); profit rises with every price increase, so the ceiling is competitive or contractual, not mathematical",,Cordless Drill - National brand,Tools & Hardware,National brand,-1.8054
Product,20042,1,32,-0.9972,0.3632,0.0548,True,ok,74272.1,5503318.44,74.0967,49.0765,,False,False,,"demand is inelastic (e = -1.00); profit rises with every price increase, so the ceiling is competitive or contractual, not mathematical",,Wireless Earbuds - Private label,Consumer Electronics,Private label,-2.2568
Product,20044,1,31,1.2422,0.1109,0.0948,False,"slope +1.24 is not a downward demand curve; volume rose with price, so something other than price is driving it",8292.5,96968.03,11.6935,8.5719,,False,False,,"demand is inelastic (e = +1.24); profit rises with every price increase, so the ceiling is competitive or contractual, not mathematical",,Laminator - Private label,Office & Stationery,Private label,-1.7378
Product,20045,1,33,-1.3254,0.3592,0.0709,True,ok,113505.3,1824724.63,16.0761,13.8311,56.3387,True,True,4.073,ok,-0.7147,Safety Boots - National brand,Apparel & Accessories,National brand,-2.0882
Product,20046,1,32,-1.0171,0.155,0.0613,True,ok,71420.1,1009317.01,14.1321,12.8945,768.4307,True,False,59.593,e = -1.02 implies a markup of 59.6x cost. That is what the formula says and it is not a recommendation: the elasticity was fitted around today's price and says nothing about demand at several times it,,Blender - Value,Home & Kitchen,Value,-1.9063
Product,20047,1,32,-1.4893,0.4705,0.1029,True,ok,17976.8,289005.11,16.0765,12.8393,39.0819,True,True,3.044,ok,-0.5886,Work Gloves - National brand,Tools & Hardware,National brand,-1.3442
Product,20048,1,30,-2.311,0.5792,0.17,True,ok,88735.4,6241192.05,70.3348,62.588,110.3286,True,True,1.763,ok,-0.3625,Adjustable Dumbbells - Value,Sporting Goods,Value,-1.9725
Product,20049,1,33,-1.6584,0.3185,0.0536,True,ok,2798.4,172141.64,61.5134,39.3198,99.042,True,True,2.519,ok,-0.3789,Blender - Premium brand,Home & Kitchen,Premium brand,-1.6427
Product,20050,1,32,-3.1663,0.7161,0.0818,True,ok,16750.7,174313.69,10.4063,6.7462,9.8604,True,True,1.462,ok,0.0554,Copy Paper - National brand,Office & Stationery,National brand,-2.1635
Product,20051,1,32,-1.5811,0.3774,0.0587,True,ok,35268.7,2178992.48,61.7826,43.0392,117.106,True,True,2.721,ok,-0.4724,HDMI Cable - National brand,Consumer Electronics,National brand,-2.7029
Product,20052,1,31,-0.3743,0.5433,0.0758,True,ok,11995.5,169142.2,14.1004,8.937,,False,False,,"demand is inelastic (e = -0.37); profit rises with every price increase, so the ceiling is competitive or contractual, not mathematical",,Work Gloves - Private label,Tools & Hardware,Private label,-1.3414
Product,20053,1,31,0.4025,0.0204,0.051,False,"slope +0.40 is not a downward demand curve; volume rose with price, so something other than price is driving it",60489.5,1012207.14,16.7336,10.1118,,False,False,,"demand is inelastic (e = +0.40); profit rises with every price increase, so the ceiling is competitive or contractual, not mathematical",,Hair Dryer - National brand,Health & Beauty,National brand,-1.1226
Product,20054,1,32,-2.0874,0.4614,0.089,True,ok,21159.8,2253130.73,106.4817,62.9842,120.9043,True,True,1.92,ok,-0.1193,Wireless Earbuds - Private label,Consumer Electronics,Private label,-1.9833
Product,20055,1,32,-0.8043,0.0936,0.0547,True,ok,114513.4,14738318.89,128.7039,73.593,,False,False,,"demand is inelastic (e = -0.80); profit rises with every price increase, so the ceiling is competitive or contractual, not mathematical",,Smart Plug - Premium brand,Consumer Electronics,Premium brand,-1.888
Product,20056,1,34,0.1844,0.0692,0.0561,False,"slope +0.18 is not a downward demand curve; volume rose with price, so something other than price is driving it",118602.7,4691122.15,39.5532,29.1477,,False,False,,"demand is inelastic (e = +0.18); profit rises with every price increase, so the ceiling is competitive or contractual, not mathematical",,Chew Toy Pack - Premium brand,Pet Supplies,Premium brand,-1.0592
Product,20057,1,31,-0.7717,0.3545,0.1066,True,ok,9409.9,335019.61,35.6028,27.5384,,False,False,,"demand is inelastic (e = -0.77); profit rises with every price increase, so the ceiling is competitive or contractual, not mathematical",,Cordless Drill - National brand,Tools & Hardware,National brand,-1.361
Product,20058,1,30,-1.4434,0.546,0.1372,True,ok,145313.2,3423657.21,23.5605,21.1314,68.7914,True,True,3.255,ok,-0.6575,Safety Glasses - Value,Tools & Hardware,Value,-1.8253
Product,20059,1,31,-0.4432,0.4904,0.1209,True,ok,7624.1,61620.06,8.0822,6.8699,,False,False,,"demand is inelastic (e = -0.44); profit rises with every price increase, so the ceiling is competitive or contractual, not mathematical",,Desk Organiser - Value,Office & Stationery,Value,-1.855
Product,20060,1,32,-1.9672,0.2707,0.0611,True,ok,24154.6,523612.89,21.6776,16.3842,33.3245,True,True,2.034,ok,-0.3495,Storage Bins - Private label,Home & Kitchen,Private label,-1.8362
Product,20061,1,32,,0.0,0.0009,False,price varies by 0.1%; there is nothing to regress against,141681.5,2840471.75,20.0483,12.2492,,False,False,,"demand is inelastic (e = +0.00); profit rises with every price increase, so the ceiling is competitive or contractual, not mathematical",,Multivitamin - Premium brand,Health & Beauty,Premium brand,-1.2137
Product,20062,1,31,1.7594,0.1266,0.0982,False,"slope +1.76 is not a downward demand curve; volume rose with price, so something other than price is driving it",3229.6,130506.91,40.4101,32.4205,,False,False,,"demand is inelastic (e = +1.76); profit rises with every price increase, so the ceiling is competitive or contractual, not mathematical",,Laptop Sleeve - National brand,Apparel & Accessories,National brand,-1.9284
Product,20063,1,28,-2.4915,0.3669,0.0433,True,ok,21851.0,1652199.11,75.612,62.3218,104.1067,True,True,1.67,ok,-0.2737,Camping Tent - Premium brand,Sporting Goods,Premium brand,-1.4837
Product,20065,1,31,-0.7667,0.0731,0.0397,True,ok,54370.5,1967164.32,36.1807,26.8483,,False,False,,"demand is inelastic (e = -0.77); profit rises with every price increase, so the ceiling is competitive or contractual, not mathematical",,Adjustable Dumbbells - Private label,Sporting Goods,Private label,-1.3486
Product,20066,1,32,-1.7212,0.5416,0.0894,True,ok,272775.2,3525784.84,12.9256,8.3686,19.9725,True,True,2.387,ok,-0.3528,Laser Measure - National brand,Tools & Hardware,National brand,-1.6825
Product,20067,1,31,-0.7897,0.347,0.0928,True,ok,59894.0,455905.99,7.6119,4.957,,False,False,,"demand is inelastic (e = -0.79); profit rises with every price increase, so the ceiling is competitive or contractual, not mathematical",,Toner Cartridge - National brand,Office & Stationery,National brand,-1.9848
Product,20068,1,29,-1.2004,0.3169,0.0945,True,ok,39799.8,656706.75,16.5003,12.7287,76.2368,True,False,5.989,e = -1.20 implies a markup of 6.0x cost. That is what the formula says and it is not a recommendation: the elasticity was fitted around today's price and says nothing about demand at several times it,,Safety Glasses - Value,Tools & Hardware,Value,-1.4912
Product,20069,1,31,-0.8845,0.3125,0.118,True,ok,8038.8,144072.92,17.9222,15.0196,,False,False,,"demand is inelastic (e = -0.88); profit rises with every price increase, so the ceiling is competitive or contractual, not mathematical",,Cotton T-Shirt 5pk - National brand,Apparel & Accessories,National brand,-2.0236
Product,20070,1,32,-1.8375,0.5111,0.1045,True,ok,10311.1,127007.38,12.3176,11.3116,24.8177,True,True,2.194,ok,-0.5037,Fastener Assortment - Value,Tools & Hardware,Value,-1.3785
Product,20071,1,33,-1.9696,0.5511,0.087,True,ok,81925.1,4768189.46,58.2018,47.5391,96.5689,True,True,2.031,ok,-0.3973,Wireless Earbuds - Value,Consumer Electronics,Value,-2.1102
Product,20072,1,29,,0.0,0.0,False,price varies by 0.0%; there is nothing to regress against,40732.6,507733.87,12.465,10.0539,,False,False,,"demand is inelastic (e = +0.00); profit rises with every price increase, so the ceiling is competitive or contractual, not mathematical",,Toner Cartridge - National brand,Office & Stationery,National brand,-2.5467
Product,20073,1,30,,0.0,0.0168,False,price varies by 1.7%; there is nothing to regress against,71188.2,1187833.29,16.6858,16.3839,,False,False,,"demand is inelastic (e = +0.00); profit rises with every price increase, so the ceiling is competitive or contractual, not mathematical",,Gel Pens - Value,Office & Stationery,Value,-2.1326
Product,20075,1,30,-4.4487,0.3182,0.0265,True,ok,36690.4,670938.86,18.2865,11.7828,15.1995,True,True,1.29,ok,0.2031,Sunscreen SPF50 - Private label,Health & Beauty,Private label,-1.1815
Product,20076,1,32,,0.0,0.0,False,price varies by 0.0%; there is nothing to regress against,25101.5,482512.89,19.2225,12.3674,,False,False,,"demand is inelastic (e = +0.00); profit rises with every price increase, so the ceiling is competitive or contractual, not mathematical",,LED Floor Lamp - Private label,Home & Kitchen,Private label,-1.5274
Product,20077,1,33,-0.98,0.5622,0.1336,True,ok,69597.8,10527367.72,151.26,87.8513,,False,False,,"demand is inelastic (e = -0.98); profit rises with every price increase, so the ceiling is competitive or contractual, not mathematical",,Wireless Earbuds - Premium brand,Consumer Electronics,Premium brand,-1.8377
Product,20078,1,33,-2.0424,0.1863,0.0782,True,ok,20499.1,428083.29,20.883,18.9838,37.1953,True,True,1.959,ok,-0.4386,27in Monitor - Value,Consumer Electronics,Value,-2.3729
Product,20079,1,33,-2.3815,0.4406,0.0673,True,ok,15209.7,136338.99,8.9639,8.2462,14.2153,True,True,1.724,ok,-0.3694,Cotton T-Shirt 5pk - Value,Apparel & Accessories,Value,-2.1629
Product,20080,1,31,-2.1911,0.5234,0.0945,True,ok,7539.8,178054.84,23.6152,16.4901,30.3347,True,True,1.84,ok,-0.2215,Work Gloves - National brand,Tools & Hardware,National brand,-1.7996
Product,20081,1,31,-0.8994,0.0492,0.0504,True,ok,36973.5,1975730.88,53.4364,36.9337,,False,False,,"demand is inelastic (e = -0.90); profit rises with every price increase, so the ceiling is competitive or contractual, not mathematical",,Vacuum Sealer - Premium brand,Home & Kitchen,Premium brand,-1.4072
Product,20082,1,31,-1.5378,0.2535,0.0363,True,ok,107261.4,3475637.43,32.4034,18.8802,53.989,True,True,2.86,ok,-0.3998,Smart Plug - Private label,Consumer Electronics,Private label,-2.0999
Product,20083,1,31,-0.2725,0.455,0.0652,True,ok,30308.9,1451971.81,47.9057,31.1931,,False,False,,"demand is inelastic (e = -0.27); profit rises with every price increase, so the ceiling is competitive or contractual, not mathematical",,Smart Plug - Private label,Consumer Electronics,Private label,-2.0193
Product,20084,1,32,0.0959,0.4022,0.0712,False,"slope +0.10 is not a downward demand curve; volume rose with price, so something other than price is driving it",479828.5,8106186.55,16.8939,12.9199,,False,False,,"demand is inelastic (e = +0.10); profit rises with every price increase, so the ceiling is competitive or contractual, not mathematical",,Webcam - Value,Consumer Electronics,Value,-2.5312
Product,20085,1,30,-1.0742,0.0414,0.0561,True,ok,24914.2,1182371.66,47.4577,30.3801,439.8453,True,False,14.478,e = -1.07 implies a markup of 14.5x cost. That is what the formula says and it is not a recommendation: the elasticity was fitted around today's price and says nothing about demand at several times it,,Power Bank - Value,Consumer Electronics,Value,-2.156
Product,20086,1,33,-0.1877,0.1179,0.0677,True,ok,89571.7,3316780.28,37.0293,20.954,,False,False,,"demand is inelastic (e = -0.19); profit rises with every price increase, so the ceiling is competitive or contractual, not mathematical",,Vacuum Sealer - Private label,Home & Kitchen,Private label,-1.3685
Product,20088,1,33,-0.0431,0.053,0.0879,False,"slope -0.04 is not a downward demand curve; volume rose with price, so something other than price is driving it",93450.0,1456002.25,15.5805,10.7938,,False,False,,"demand is inelastic (e = -0.04); profit rises with every price increase, so the ceiling is competitive or contractual, not mathematical",,Hair Dryer - Premium brand,Health & Beauty,Premium brand,-1.0481
Product,20089,1,31,-1.574,0.4441,0.1094,True,ok,77368.1,4664520.01,60.29,48.8048,133.8296,True,True,2.742,ok,-0.5495,Bluetooth Speaker - National brand,Consumer Electronics,National brand,-2.2229
Product,20090,1,32,,0.0,0.0031,False,price varies by 0.3%; there is nothing to regress against,77882.8,2065670.94,26.5228,23.6789,,False,False,,"demand is inelastic (e = +0.00); profit rises with every price increase, so the ceiling is competitive or contractual, not mathematical",,Yoga Mat - Private label,Sporting Goods,Private label,-1.2866
Product,20091,1,32,-1.2958,0.1821,0.0901,True,ok,95944.8,2208843.7,23.022,12.3556,54.1196,True,True,4.38,ok,-0.5746,Electric Toothbrush - Premium brand,Health & Beauty,Premium brand,-1.1631
Product,20093,1,32,-0.8459,0.4947,0.0633,True,ok,23040.2,1027873.81,44.6122,28.403,,False,False,,"demand is inelastic (e = -0.85); profit rises with every price increase, so the ceiling is competitive or contractual, not mathematical",,Vacuum Sealer - Private label,Home & Kitchen,Private label,-1.3649
Product,20094,1,32,-1.4112,0.1036,0.0353,True,ok,241933.4,3669386.31,15.1669,8.5824,29.4534,True,True,3.432,ok,-0.4851,Body Wash - Premium brand,Health & Beauty,Premium brand,-1.102
Product,20095,1,31,,0.0,0.0157,False,price varies by 1.6%; there is nothing to regress against,27138.3,356599.02,13.14,9.5967,,False,False,,"demand is inelastic (e = +0.00); profit rises with every price increase, so the ceiling is competitive or contractual, not mathematical",,Gel Pens - Private label,Office & Stationery,Private label,-1.5325
Product,20096,1,34,-1.8383,0.1931,0.0613,True,ok,35150.8,261271.0,7.4329,5.995,13.1459,True,True,2.193,ok,-0.4346,Electric Toothbrush - Private label,Health & Beauty,Private label,-1.166
Product,20097,1,29,,0.0,0.0038,False,price varies by 0.4%; there is nothing to regress against,39311.9,2330094.2,59.272,35.1555,,False,False,,"demand is inelastic (e = +0.00); profit rises with every price increase, so the ceiling is competitive or contractual, not mathematical",,Wireless Earbuds - Private label,Consumer Electronics,Private label,-1.979
Product,20098,1,32,-1.5801,0.2887,0.0689,True,ok,14376.7,239832.0,16.682,13.0134,35.4455,True,True,2.724,ok,-0.5294,Electric Toothbrush - National brand,Health & Beauty,National brand,-1.1
Product,20100,1,31,-0.1206,0.0874,0.0907,True,ok,72348.5,1302186.46,17.9988,15.9537,,False,False,,"demand is inelastic (e = -0.12); profit rises with every price increase, so the ceiling is competitive or contractual, not mathematical",,HDMI Cable - Value,Consumer Electronics,Value,-2.569
Product,20102,1,32,-0.0438,0.0861,0.0819,False,"slope -0.04 is not a downward demand curve; volume rose with price, so something other than price is driving it",50355.7,2437449.18,48.4046,35.4325,,False,False,,"demand is inelastic (e = -0.04); profit rises with every price increase, so the ceiling is competitive or contractual, not mathematical",,Blender - National brand,Home & Kitchen,National brand,-2.0113
Product,20103,1,33,-0.8559,0.3144,0.0795,True,ok,15347.0,459812.5,29.961,17.4894,,False,False,,"demand is inelastic (e = -0.86); profit rises with every price increase, so the ceiling is competitive or contractual, not mathematical",,Safety Glasses - Private label,Tools & Hardware,Private label,-1.0938
Product,20104,1,32,-3.0214,0.7058,0.1649,True,ok,43146.8,499154.09,11.5687,8.2485,12.3291,True,True,1.495,ok,-0.0617,Laminator - National brand,Office & Stationery,National brand,-1.8499
Product,20105,1,31,-0.8371,0.4567,0.0538,True,ok,234990.6,4257036.23,18.1158,13.392,,False,False,,"demand is inelastic (e = -0.84); profit rises with every price increase, so the ceiling is competitive or contractual, not mathematical",,Pet Bed - Premium brand,Pet Supplies,Premium brand,-0.8907
Product,20106,1,31,-1.3646,0.4609,0.1033,True,ok,10570.6,181151.21,17.1373,12.5286,46.8886,True,True,3.743,ok,-0.6345,Tool Chest - Private label,Tools & Hardware,Private label,-1.1807
Product,20107,1,32,-1.4501,0.2435,0.0578,True,ok,30780.0,1402472.98,45.5644,31.8287,102.539,True,True,3.222,ok,-0.5556,Adjustable Dumbbells - Private label,Sporting Goods,Private label,-1.5464
Product,20109,1,29,-0.154,0.0455,0.0556,True,ok,114606.8,2497013.27,21.7877,14.4552,,False,False,,"demand is inelastic (e = -0.15); profit rises with every price increase, so the ceiling is competitive or contractual, not mathematical",,Vitamin C Serum - Premium brand,Health & Beauty,Premium brand,-1.1197
Product,20110,1,31,-0.6191,0.0564,0.0526,True,ok,2202.4,244017.91,110.7974,66.5977,,False,False,,"demand is inelastic (e = -0.62); profit rises with every price increase, so the ceiling is competitive or contractual, not mathematical",,27in Monitor - National brand,Consumer Electronics,National brand,-2.7659
Product,20111,1,31,-2.2142,0.5214,0.1045,True,ok,44783.7,1524835.02,34.0489,21.8256,39.8007,True,True,1.824,ok,-0.1445,27in Monitor - Private label,Consumer Electronics,Private label,-1.6473
Product,20112,1,32,,0.0,0.0,False,price varies by 0.0%; there is nothing to regress against,42243.8,1645994.78,38.9642,25.2855,,False,False,,"demand is inelastic (e = +0.00); profit rises with every price increase, so the ceiling is competitive or contractual, not mathematical",,Safety Glasses - National brand,Tools & Hardware,National brand,-1.4388
Product,20113,1,30,0.4219,0.6137,0.0603,False,"slope +0.42 is not a downward demand curve; volume rose with price, so something other than price is driving it",96422.2,3042169.49,31.5505,23.2915,,False,False,,"demand is inelastic (e = +0.42); profit rises with every price increase, so the ceiling is competitive or contractual, not mathematical",,Bedding Set - Private label,Home & Kitchen,Private label,-1.4345
Product,20114,1,29,-1.3692,0.2502,0.1279,True,ok,19343.0,1056649.61,54.6268,40.1478,148.9002,True,True,3.709,ok,-0.6331,Fastener Assortment - National brand,Tools & Hardware,National brand,-1.7097
Product,20115,1,30,-0.4682,0.5147,0.1186,True,ok,138074.7,6495380.62,47.0425,34.306,,False,False,,"demand is inelastic (e = -0.47); profit rises with every price increase, so the ceiling is competitive or contractual, not mathematical",,USB-C Charger - National brand,Consumer Electronics,National brand,-2.2145
Product,20116,1,30,-0.7711,0.2446,0.1606,True,ok,58071.5,452643.49,7.7946,4.9615,,False,False,,"demand is inelastic (e = -0.77); profit rises with every price increase, so the ceiling is competitive or contractual, not mathematical",,Dry Dog Food - National brand,Pet Supplies,National brand,-0.933
Product,20117,1,33,,0.0,0.0,False,price varies by 0.0%; there is nothing to regress against,33921.3,416608.49,12.2816,8.744,,False,False,,"demand is inelastic (e = +0.00); profit rises with every price increase, so the ceiling is competitive or contractual, not mathematical",,LED Floor Lamp - National brand,Home & Kitchen,National brand,-1.8069
Product,20118,1,33,0.4601,0.1364,0.0475,False,"slope +0.46 is not a downward demand curve; volume rose with price, so something other than price is driving it",65683.6,4535604.84,69.0523,45.9401,,False,False,,"demand is inelastic (e = +0.46); profit rises with every price increase, so the ceiling is competitive or contractual, not mathematical",,Blender - Premium brand,Home & Kitchen,Premium brand,-1.5872
Product,20119,1,29,-1.3486,0.7842,0.0716,True,ok,101465.9,4169303.58,41.0907,26.077,100.8891,True,True,3.869,ok,-0.5927,HDMI Cable - National brand,Consumer Electronics,National brand,-2.6879
Product,20120,1,32,-1.3843,0.2363,0.0753,True,ok,50680.0,2950792.46,58.224,36.7887,132.5201,True,True,3.602,ok,-0.5606,Bluetooth Speaker - Premium brand,Consumer Electronics,Premium brand,-1.8488
Product,20121,1,31,-1.8102,0.0746,0.0687,True,ok,46589.0,623514.47,13.3833,10.7546,24.028,True,True,2.234,ok,-0.443,Copy Paper - National brand,Office & Stationery,National brand,-2.176
Product,20122,1,31,-0.934,0.6565,0.1345,True,ok,126725.4,1091165.11,8.6105,6.3663,,False,False,,"demand is inelastic (e = -0.93); profit rises with every price increase, so the ceiling is competitive or contractual, not mathematical",,Dry-Erase Board - National brand,Office & Stationery,National brand,-2.5667
Product,20124,1,31,2.2375,0.044,0.0438,False,"slope +2.24 is not a downward demand curve; volume rose with price, so something other than price is driving it",49485.4,628924.44,12.7093,10.341,,False,False,,"demand is inelastic (e = +2.24); profit rises with every price increase, so the ceiling is competitive or contractual, not mathematical",,Cat Litter - National brand,Pet Supplies,National brand,-1.0854
Product,20125,1,31,,0.0,0.0092,False,price varies by 0.9%; there is nothing to regress against,10540.5,126886.89,12.0381,9.5914,,False,False,,"demand is inelastic (e = +0.00); profit rises with every price increase, so the ceiling is competitive or contractual, not mathematical",,Hair Dryer - Value,Health & Beauty,Value,-1.3292
Product,20126,1,31,-0.5544,0.1421,0.0699,True,ok,8240.8,389388.61,47.2516,30.3827,,False,False,,"demand is inelastic (e = -0.55); profit rises with every price increase, so the ceiling is competitive or contractual, not mathematical",,Mechanical Keyboard - National brand,Consumer Electronics,National brand,-2.344
Product,20128,1,33,-1.9953,0.7363,0.1717,True,ok,25644.8,271581.42,10.5901,9.1935,18.4306,True,True,2.005,ok,-0.4254,Dry-Erase Board - National brand,Office & Stationery,National brand,-2.4136
Product,20129,1,33,-0.794,0.1553,0.0826,True,ok,60349.9,913997.2,15.145,12.5012,,False,False,,"demand is inelastic (e = -0.79); profit rises with every price increase, so the ceiling is competitive or contractual, not mathematical",,Filing Boxes - National brand,Office & Stationery,National brand,-1.8294
Product,20130,1,32,-2.0042,0.3539,0.1025,True,ok,12956.6,819290.39,63.2333,49.2501,98.2964,True,True,1.996,ok,-0.3567,HDMI Cable - Value,Consumer Electronics,Value,-2.3347
Product,20131,1,30,-1.054,0.3531,0.1038,True,ok,23543.6,466819.03,19.8278,19.3364,377.2039,True,False,19.507,e = -1.05 implies a markup of 19.5x cost. That is what the formula says and it is not a recommendation: the elasticity was fitted around today's price and says nothing about demand at several times it,,Air Fryer - Value,Home & Kitchen,Value,-1.9985
Product,20132,1,31,-2.4278,0.4854,0.0649,True,ok,10323.4,70562.55,6.8352,6.5453,11.1295,True,True,1.7,ok,-0.3858,Gel Pens - Value,Office & Stationery,Value,-2.1331
Product,20133,1,32,-0.3912,0.289,0.1233,True,ok,95704.4,3330628.76,34.8012,21.6058,,False,False,,"demand is inelastic (e = -0.39); profit rises with every price increase, so the ceiling is competitive or contractual, not mathematical",,Mechanical Keyboard - Premium brand,Consumer Electronics,Premium brand,-1.8359
Product,20134,1,32,-2.6085,0.053,0.0466,True,ok,39175.9,795005.42,20.2932,11.7244,19.0136,True,True,1.622,ok,0.0673,Cotton T-Shirt 5pk - Private label,Apparel & Accessories,Private label,-1.8969
Product,20135,1,32,0.0905,0.3496,0.0614,False,"slope +0.09 is not a downward demand curve; volume rose with price, so something other than price is driving it",27785.5,1602530.61,57.6751,31.8235,,False,False,,"demand is inelastic (e = +0.09); profit rises with every price increase, so the ceiling is competitive or contractual, not mathematical",,Bluetooth Speaker - Premium brand,Consumer Electronics,Premium brand,-2.064
Product,20136,1,32,-0.9324,0.5479,0.1245,True,ok,26657.5,427357.39,16.0314,14.1503,,False,False,,"demand is inelastic (e = -0.93); profit rises with every price increase, so the ceiling is competitive or contractual, not mathematical",,Safety Boots - Private label,Apparel & Accessories,Private label,-1.7364
Product,20137,1,33,0.0958,0.3662,0.1123,False,"slope +0.10 is not a downward demand curve; volume rose with price, so something other than price is driving it",321530.7,22554832.08,70.1483,46.444,,False,False,,"demand is inelastic (e = +0.10); profit rises with every price increase, so the ceiling is competitive or contractual, not mathematical",,Bluetooth Speaker - Private label,Consumer Electronics,Private label,-1.8111
Product,20138,1,29,-4.7073,0.3193,0.0667,True,ok,11812.6,257584.96,21.8059,14.8978,18.9162,True,True,1.27,ok,0.1528,Cutlery Block - National brand,Home & Kitchen,National brand,-2.1777
Product,20139,1,31,-0.7289,0.1382,0.1145,True,ok,6966.0,63562.28,9.1246,7.4692,,False,False,,"demand is inelastic (e = -0.73); profit rises with every price increase, so the ceiling is competitive or contractual, not mathematical",,Toner Cartridge - Private label,Office & Stationery,Private label,-1.4958
Product,20140,1,32,-0.8487,0.5965,0.1908,True,ok,607921.1,123795115.27,203.6368,163.9255,,False,False,,"demand is inelastic (e = -0.85); profit rises with every price increase, so the ceiling is competitive or contractual, not mathematical",,USB-C Charger - Premium brand,Consumer Electronics,Premium brand,-2.2075
Product,20141,1,31,-1.4068,0.6894,0.1018,True,ok,97497.5,3944906.42,40.4616,24.3596,84.2396,True,True,3.458,ok,-0.5197,Socket Set - Premium brand,Tools & Hardware,Premium brand,-1.2531
Product,20142,1,31,-0.8143,0.1126,0.0481,True,ok,55278.8,1426656.26,25.8084,19.8064,,False,False,,"demand is inelastic (e = -0.81); profit rises with every price increase, so the ceiling is competitive or contractual, not mathematical",,Yoga Mat - National brand,Sporting Goods,National brand,-1.8584
Product,20143,1,32,-0.5112,0.1895,0.096,True,ok,48158.6,2514155.81,52.2057,33.9727,,False,False,,"demand is inelastic (e = -0.51); profit rises with every price increase, so the ceiling is competitive or contractual, not mathematical",,Tool Chest - National brand,Tools & Hardware,National brand,-1.3425
Product,20145,1,31,-1.6429,0.6188,0.1041,True,ok,174262.7,2267880.38,13.0141,10.2779,26.2652,True,True,2.556,ok,-0.5045,Laminator - Premium brand,Office & Stationery,Premium brand,-1.7712
Product,20147,1,31,-2.0108,0.3897,0.0427,True,ok,36982.7,926828.19,25.0611,18.8494,37.4979,True,True,1.989,ok,-0.3317,Laptop Sleeve - Value,Apparel & Accessories,Value,-2.1493
Product,20148,1,32,,0.0,0.0,False,price varies by 0.0%; there is nothing to regress against,8121.0,467606.85,57.5799,37.0942,,False,False,,"demand is inelastic (e = +0.00); profit rises with every price increase, so the ceiling is competitive or contractual, not mathematical",,Bluetooth Speaker - Value,Consumer Electronics,Value,-1.9706
Product,20149,1,32,-1.0928,0.6699,0.0925,True,ok,10614.8,552564.01,52.056,40.6979,479.2064,True,False,11.775,e = -1.09 implies a markup of 11.8x cost. That is what the formula says and it is not a recommendation: the elasticity was fitted around today's price and says nothing about demand at several times it,,Cycling Helmet - National brand,Sporting Goods,National brand,-1.5483
Product,20150,1,31,-1.8429,0.5291,0.0549,True,ok,9596.3,185852.15,19.367,13.4852,29.4837,True,True,2.186,ok,-0.3431,Nonstick Cookware Set - National brand,Home & Kitchen,National brand,-1.71
Product,20151,1,33,-0.9467,0.1427,0.0395,True,ok,35183.5,524263.23,14.9008,7.1859,,False,False,,"demand is inelastic (e = -0.95); profit rises with every price increase, so the ceiling is competitive or contractual, not mathematical",,Tool Chest - Private label,Tools & Hardware,Private label,-1.2026
Product,20152,1,30,0.1699,0.0034,0.0539,False,"slope +0.17 is not a downward demand curve; volume rose with price, so something other than price is driving it",29031.6,509903.85,17.5638,12.5213,,False,False,,"demand is inelastic (e = +0.17); profit rises with every price increase, so the ceiling is competitive or contractual, not mathematical",,Copy Paper - Private label,Office & Stationery,Private label,-1.8248
Product,20153,1,32,0.1739,0.1285,0.0243,False,"slope +0.17 is not a downward demand curve; volume rose with price, so something other than price is driving it",40460.3,888004.06,21.9475,14.0517,,False,False,,"demand is inelastic (e = +0.17); profit rises with every price increase, so the ceiling is competitive or contractual, not mathematical",,Multivitamin - Premium brand,Health & Beauty,Premium brand,-0.9412
Product,20154,1,31,-0.0921,0.0072,0.0605,True,ok,12072.5,435115.98,36.042,25.639,,False,False,,"demand is inelastic (e = -0.09); profit rises with every price increase, so the ceiling is competitive or contractual, not mathematical",,Aquarium Filter - Premium brand,Pet Supplies,Premium brand,-1.0596
Product,20155,1,33,-1.2028,0.525,0.0963,True,ok,5732.9,714325.95,124.6003,88.9339,527.5304,True,False,5.932,e = -1.20 implies a markup of 5.9x cost. That is what the formula says and it is not a recommendation: the elasticity was fitted around today's price and says nothing about demand at several times it,,27in Monitor - Value,Consumer Electronics,Value,-2.3013
Product,20156,1,33,-2.0775,0.3108,0.0568,True,ok,22368.6,1296023.62,57.9394,46.4378,89.537,True,True,1.928,ok,-0.3529,Resistance Bands - Value,Sporting Goods,Value,-1.4091
Product,20157,1,32,-2.4643,0.4171,0.0252,True,ok,7870.9,370380.21,47.0567,41.151,69.2534,True,True,1.683,ok,-0.3205,Camping Tent - Value,Sporting Goods,Value,-1.7889
Product,20158,1,32,-1.3745,0.3253,0.1074,True,ok,115435.1,3306622.73,28.6449,25.3341,92.9791,True,True,3.67,ok,-0.6919,Cutlery Block - Value,Home & Kitchen,Value,-1.6128
Product,20159,1,30,-0.9878,0.1892,0.1179,True,ok,46746.7,828401.5,17.7211,16.1372,,False,False,,"demand is inelastic (e = -0.99); profit rises with every price increase, so the ceiling is competitive or contractual, not mathematical",,Cooler Box - Value,Sporting Goods,Value,-1.6741
Product,20160,1,32,-3.4375,0.0667,0.0746,True,ok,41087.7,474902.55,11.5583,7.8894,11.126,True,True,1.41,ok,0.0388,Pet Bed - Private label,Pet Supplies,Private label,-0.8268
Product,20161,1,33,-0.5908,0.1659,0.063,True,ok,41621.7,1274513.77,30.6214,20.4717,,False,False,,"demand is inelastic (e = -0.59); profit rises with every price increase, so the ceiling is competitive or contractual, not mathematical",,Blender - Premium brand,Home & Kitchen,Premium brand,-1.6074
Product,20162,1,31,-2.7498,0.8065,0.1922,True,ok,29143.0,353865.48,12.1424,7.3812,11.5996,True,True,1.572,ok,0.0468,Gel Pens - Private label,Office & Stationery,Private label,-1.8618
Product,20163,1,31,-0.1061,0.2734,0.083,True,ok,99433.3,1555512.45,15.6438,13.9655,,False,False,,"demand is inelastic (e = -0.11); profit rises with every price increase, so the ceiling is competitive or contractual, not mathematical",,Sunscreen SPF50 - National brand,Health & Beauty,National brand,-1.4396
Product,20164,1,30,-0.6706,0.3497,0.0746,True,ok,39571.0,1814801.43,45.8618,40.3833,,False,False,,"demand is inelastic (e = -0.67); profit rises with every price increase, so the ceiling is competitive or contractual, not mathematical",,LED Floor Lamp - National brand,Home & Kitchen,National brand,-2.1836
Product,20165,1,33,-0.4772,0.0388,0.0594,True,ok,98064.3,1499914.61,15.2952,13.1219,,False,False,,"demand is inelastic (e = -0.48); profit rises with every price increase, so the ceiling is competitive or contractual, not mathematical",,Electric Toothbrush - National brand,Health & Beauty,National brand,-1.1688
Product,20166,1,31,-0.3314,0.1893,0.0463,True,ok,11891.2,143929.68,12.1039,11.403,,False,False,,"demand is inelastic (e = -0.33); profit rises with every price increase, so the ceiling is competitive or contractual, not mathematical",,Storage Bins - Value,Home & Kitchen,Value,-1.7317
Product,20167,1,32,-1.3832,0.601,0.1193,True,ok,52161.9,3721896.7,71.3529,55.823,201.5062,True,True,3.61,ok,-0.6459,27in Monitor - Value,Consumer Electronics,Value,-2.2284
Product,20168,1,33,,0.0,0.0058,False,price varies by 0.6%; there is nothing to regress against,20098.6,269621.1,13.4149,11.4324,,False,False,,"demand is inelastic (e = +0.00); profit rises with every price increase, so the ceiling is competitive or contractual, not mathematical",,Aquarium Filter - Premium brand,Pet Supplies,Premium brand,-0.7499
Product,20169,1,33,-0.9311,0.3369,0.0865,True,ok,40335.1,737766.39,18.291,14.7965,,False,False,,"demand is inelastic (e = -0.93); profit rises with every price increase, so the ceiling is competitive or contractual, not mathematical",,Laser Measure - Value,Tools & Hardware,Value,-1.8359
Product,20170,1,31,-0.711,0.5511,0.1903,True,ok,40205.4,643654.63,16.0091,10.8516,,False,False,,"demand is inelastic (e = -0.71); profit rises with every price increase, so the ceiling is competitive or contractual, not mathematical",,Laminator - National brand,Office & Stationery,National brand,-2.4024
Product,20171,1,31,-1.3595,0.8156,0.129,True,ok,320302.6,12327197.41,38.4861,27.9081,105.5414,True,True,3.782,ok,-0.6353,Socket Set - Premium brand,Tools & Hardware,Premium brand,-1.2928
Product,20172,1,31,-2.1008,0.682,0.1694,True,ok,24334.1,494957.86,20.3401,18.8723,36.0165,True,True,1.908,ok,-0.4353,Dry-Erase Board - National brand,Office & Stationery,National brand,-1.9962
Product,20173,1,30,0.5999,0.5011,0.1251,False,"slope +0.60 is not a downward demand curve; volume rose with price, so something other than price is driving it",305795.3,6436040.51,21.0469,19.8681,,False,False,,"demand is inelastic (e = +0.60); profit rises with every price increase, so the ceiling is competitive or contractual, not mathematical",,Safety Boots - Value,Apparel & Accessories,Value,-2.3151
Product,20174,1,29,,0.0,0.0145,False,price varies by 1.4%; there is nothing to regress against,31445.7,335400.64,10.666,9.3179,,False,False,,"demand is inelastic (e = +0.00); profit rises with every price increase, so the ceiling is competitive or contractual, not mathematical",,Body Wash - National brand,Health & Beauty,National brand,-1.5073
Product,20175,1,31,0.0515,0.1178,0.0278,False,"slope +0.05 is not a downward demand curve; volume rose with price, so something other than price is driving it",9663.5,121875.78,12.6119,9.5336,,False,False,,"demand is inelastic (e = +0.05); profit rises with every price increase, so the ceiling is competitive or contractual, not mathematical",,Cat Litter - Private label,Pet Supplies,Private label,-0.9887
Product,20176,1,31,-1.3165,0.2016,0.0767,True,ok,69532.3,2772333.97,39.8712,28.1653,117.1443,True,True,4.159,ok,-0.6596,Work Gloves - Value,Tools & Hardware,Value,-1.3163
Product,20177,1,32,,0.0,0.0043,False,price varies by 0.4%; there is nothing to regress against,129288.6,3752052.05,29.0208,22.8206,,False,False,,"demand is inelastic (e = +0.00); profit rises with every price increase, so the ceiling is competitive or contractual, not mathematical",,Nonstick Cookware Set - Value,Home & Kitchen,Value,-2.107
Product,20178,1,32,-1.4483,0.6742,0.1921,True,ok,54796.9,1237593.75,22.5851,20.4325,66.0083,True,True,3.231,ok,-0.6578,Socket Set - National brand,Tools & Hardware,National brand,-1.6347
Product,20180,1,33,-0.9411,0.1707,0.0244,True,ok,384781.4,5576650.22,14.493,11.2002,,False,False,,"demand is inelastic (e = -0.94); profit rises with every price increase, so the ceiling is competitive or contractual, not mathematical",,Sunscreen SPF50 - National brand,Health & Beauty,National brand,-1.4854
Product,20181,1,33,-0.1473,0.0102,0.0963,True,ok,4271.8,58295.03,13.6465,11.0547,,False,False,,"demand is inelastic (e = -0.15); profit rises with every price increase, so the ceiling is competitive or contractual, not mathematical",,Desk Organiser - National brand,Office & Stationery,National brand,-2.4868
Product,20182,1,30,-0.7366,0.4782,0.0825,True,ok,17183.7,467425.47,27.2017,22.9375,,False,False,,"demand is inelastic (e = -0.74); profit rises with every price increase, so the ceiling is competitive or contractual, not mathematical",,USB-C Charger - Value,Consumer Electronics,Value,-2.337
Product,20183,1,33,-1.437,0.438,0.0769,True,ok,240913.3,17608770.98,73.0917,51.1724,168.2626,True,True,3.288,ok,-0.5656,Cooler Box - Premium brand,Sporting Goods,Premium brand,-1.1945
Product,20184,1,31,-0.6578,0.4783,0.1393,True,ok,174186.4,22125153.81,127.02,94.6324,,False,False,,"demand is inelastic (e = -0.66); profit rises with every price increase, so the ceiling is competitive or contractual, not mathematical",,Wireless Earbuds - Premium brand,Consumer Electronics,Premium brand,-1.8293
Product,20185,1,30,-1.9395,0.3759,0.0798,True,ok,29274.5,226874.48,7.7499,5.7339,11.837,True,True,2.064,ok,-0.3453,Gel Pens - Private label,Office & Stationery,Private label,-2.0767
Product,20186,1,31,-1.4604,0.6988,0.0886,True,ok,75938.6,4309375.96,56.7482,41.3793,131.2543,True,True,3.172,ok,-0.5676,Camping Tent - Value,Sporting Goods,Value,-1.6717
Product,20187,1,32,-0.1,0.2897,0.1337,True,ok,60985.9,2061376.69,33.8009,26.5113,,False,False,,"demand is inelastic (e = -0.10); profit rises with every price increase, so the ceiling is competitive or contractual, not mathematical",,Dry Dog Food - Value,Pet Supplies,Value,-1.0583
Product,20188,1,31,0.6802,0.5103,0.0435,False,"slope +0.68 is not a downward demand curve; volume rose with price, so something other than price is driving it",84650.6,785467.7,9.2789,8.0867,,False,False,,"demand is inelastic (e = +0.68); profit rises with every price increase, so the ceiling is competitive or contractual, not mathematical",,Grooming Kit - National brand,Pet Supplies,National brand,-0.9525
Product,20189,1,32,-2.1247,0.5642,0.113,True,ok,15974.3,170811.59,10.6929,6.8637,12.9666,True,True,1.889,ok,-0.1753,Desk Organiser - National brand,Office & Stationery,National brand,-2.0584
Product,20190,1,31,-1.5288,0.333,0.0791,True,ok,43263.2,1239136.3,28.6418,21.6717,62.6569,True,True,2.891,ok,-0.5429,Work Jacket - National brand,Apparel & Accessories,National brand,-2.1652
Product,20191,1,30,-1.5529,0.508,0.1222,True,ok,204959.3,9199515.01,44.8846,36.5153,102.5536,True,True,2.809,ok,-0.5623,27in Monitor - Value,Consumer Electronics,Value,-2.1436
Product,20192,1,32,-0.9479,0.2275,0.1014,True,ok,175254.2,2908028.87,16.5932,13.3126,,False,False,,"demand is inelastic (e = -0.95); profit rises with every price increase, so the ceiling is competitive or contractual, not mathematical",,Laser Measure - National brand,Tools & Hardware,National brand,-1.7783
Product,20193,1,31,-1.833,0.2221,0.0712,True,ok,53098.1,1959223.58,36.8982,30.6851,67.5233,True,True,2.201,ok,-0.4535,Wireless Earbuds - Private label,Consumer Electronics,Private label,-2.2328
Product,20194,1,30,-0.9294,0.092,0.2062,True,ok,45536.6,828485.83,18.1938,16.1191,,False,False,,"demand is inelastic (e = -0.93); profit rises with every price increase, so the ceiling is competitive or contractual, not mathematical",,Pet Bed - National brand,Pet Supplies,National brand,-1.0444
Product,20195,1,31,,0.0,0.0077,False,price varies by 0.8%; there is nothing to regress against,16220.6,676388.71,41.6994,27.4104,,False,False,,"demand is inelastic (e = +0.00); profit rises with every price increase, so the ceiling is competitive or contractual, not mathematical",,Mechanical Keyboard - National brand,Consumer Electronics,National brand,-2.2359
Product,20196,1,30,-1.1619,0.264,0.1065,True,ok,46296.9,859118.84,18.5567,18.016,129.3131,True,False,7.178,e = -1.16 implies a markup of 7.2x cost. That is what the formula says and it is not a recommendation: the elasticity was fitted around today's price and says nothing about demand at several times it,,Cycling Helmet - National brand,Sporting Goods,National brand,-1.7737
Product,20198,1,30,-2.2054,0.4575,0.0935,True,ok,27093.6,203064.13,7.4949,4.6496,8.507,True,True,1.83,ok,-0.119,Toner Cartridge - Premium brand,Office & Stationery,Premium brand,-2.066
Product,20199,1,31,-0.7954,0.0683,0.0566,True,ok,70662.1,831825.41,11.7719,10.4497,,False,False,,"demand is inelastic (e = -0.80); profit rises with every price increase, so the ceiling is competitive or contractual, not mathematical",,Sunscreen SPF50 - Value,Health & Beauty,Value,-1.2598
Product,20200,1,31,-1.8975,0.4047,0.2109,True,ok,6419.3,110575.75,17.2255,15.0324,31.781,True,True,2.114,ok,-0.458,Toner Cartridge - National brand,Office & Stationery,National brand,-2.0445
Product,20201,1,32,-1.1613,0.1067,0.0938,True,ok,23750.0,389869.42,16.4156,15.8408,114.0434,True,False,7.199,e = -1.16 implies a markup of 7.2x cost. That is what the formula says and it is not a recommendation: the elasticity was fitted around today's price and says nothing about demand at several times it,,Dry Dog Food - Value,Pet Supplies,Value,-1.1032
Product,20202,1,33,,0.0,0.0,False,price varies by 0.0%; there is nothing to regress against,90701.1,3594221.27,39.6271,25.6213,,False,False,,"demand is inelastic (e = +0.00); profit rises with every price increase, so the ceiling is competitive or contractual, not mathematical",,Tool Chest - Value,Tools & Hardware,Value,-1.6604
Product,20203,1,33,-0.5718,0.0978,0.0565,True,ok,41829.0,633855.65,15.1535,11.7328,,False,False,,"demand is inelastic (e = -0.57); profit rises with every price increase, so the ceiling is competitive or contractual, not mathematical",,Laminator - National brand,Office & Stationery,National brand,-2.271
Product,20204,1,32,0.657,0.0283,0.0342,False,"slope +0.66 is not a downward demand curve; volume rose with price, so something other than price is driving it",14421.1,311613.22,21.6081,13.6376,,False,False,,"demand is inelastic (e = +0.66); profit rises with every price increase, so the ceiling is competitive or contractual, not mathematical",,Pet Bed - Private label,Pet Supplies,Private label,-0.9331
Product,20205,1,31,-0.3537,0.101,0.0404,True,ok,83979.7,1453796.9,17.3113,14.6272,,False,False,,"demand is inelastic (e = -0.35); profit rises with every price increase, so the ceiling is competitive or contractual, not mathematical",,Aquarium Filter - National brand,Pet Supplies,National brand,-1.1357
Product,20206,1,32,-2.0035,0.7018,0.2153,True,ok,21138.6,944209.18,44.6676,40.3727,80.6052,True,True,1.997,ok,-0.4458,Camping Tent - National brand,Sporting Goods,National brand,-1.9471
Product,20207,1,31,-0.2644,0.0777,0.1281,True,ok,13256.1,130226.1,9.8238,7.5753,,False,False,,"demand is inelastic (e = -0.26); profit rises with every price increase, so the ceiling is competitive or contractual, not mathematical",,Hair Dryer - Value,Health & Beauty,Value,-1.3007
Product,20208,1,33,-2.2881,0.0759,0.0382,True,ok,18281.5,370448.66,20.2636,12.6614,22.4911,True,True,1.776,ok,-0.099,Vitamin C Serum - Premium brand,Health & Beauty,Premium brand,-1.1615
Product,20209,1,31,-0.4188,0.1714,0.0603,True,ok,119404.0,1301223.67,10.8977,9.4363,,False,False,,"demand is inelastic (e = -0.42); profit rises with every price increase, so the ceiling is competitive or contractual, not mathematical",,Desk Organiser - National brand,Office & Stationery,National brand,-1.9832
Product,20210,1,34,-0.3631,0.1822,0.0647,True,ok,75223.2,2697257.3,35.8567,25.4322,,False,False,,"demand is inelastic (e = -0.36); profit rises with every price increase, so the ceiling is competitive or contractual, not mathematical",,Safety Boots - Premium brand,Apparel & Accessories,Premium brand,-1.6639
Product,20211,1,31,,0.0,0.0,False,price varies by 0.0%; there is nothing to regress against,69732.9,2248573.21,32.2455,26.9417,,False,False,,"demand is inelastic (e = +0.00); profit rises with every price increase, so the ceiling is competitive or contractual, not mathematical",,Storage Bins - National brand,Home & Kitchen,National brand,-1.801
Product,20212,1,29,0.9137,0.0618,0.056,False,"slope +0.91 is not a downward demand curve; volume rose with price, so something other than price is driving it",34994.1,1222784.85,34.9426,24.706,,False,False,,"demand is inelastic (e = +0.91); profit rises with every price increase, so the ceiling is competitive or contractual, not mathematical",,Resistance Bands - National brand,Sporting Goods,National brand,-1.4328
Product,20213,1,32,0.3203,0.3777,0.0306,False,"slope +0.32 is not a downward demand curve; volume rose with price, so something other than price is driving it",168503.2,5333611.0,31.6529,24.0564,,False,False,,"demand is inelastic (e = +0.32); profit rises with every price increase, so the ceiling is competitive or contractual, not mathematical",,Dry Dog Food - Private label,Pet Supplies,Private label,-0.7912
Product,20214,1,29,0.3699,0.3916,0.0442,False,"slope +0.37 is not a downward demand curve; volume rose with price, so something other than price is driving it",69136.3,949745.93,13.7373,12.8056,,False,False,,"demand is inelastic (e = +0.37); profit rises with every price increase, so the ceiling is competitive or contractual, not mathematical",,Safety Boots - National brand,Apparel & Accessories,National brand,-2.0222
Product,20215,1,31,,0.0,0.0004,False,price varies by 0.0%; there is nothing to regress against,8405.2,86033.97,10.2358,7.9763,,False,False,,"demand is inelastic (e = +0.00); profit rises with every price increase, so the ceiling is competitive or contractual, not mathematical",,Safety Boots - National brand,Apparel & Accessories,National brand,-2.2487
Product,20216,1,33,,0.0,0.0023,False,price varies by 0.2%; there is nothing to regress against,105505.4,3677061.9,34.8519,23.4824,,False,False,,"demand is inelastic (e = +0.00); profit rises with every price increase, so the ceiling is competitive or contractual, not mathematical",,Work Gloves - National brand,Tools & Hardware,National brand,-1.4183
Product,20217,1,31,-0.5978,0.0753,0.0844,True,ok,101125.9,4328438.81,42.8025,33.672,,False,False,,"demand is inelastic (e = -0.60); profit rises with every price increase, so the ceiling is competitive or contractual, not mathematical",,Cycling Helmet - National brand,Sporting Goods,National brand,-1.6924
Product,20218,1,32,-0.1199,0.0089,0.0766,True,ok,20382.8,788849.92,38.7017,23.6094,,False,False,,"demand is inelastic (e = -0.12); profit rises with every price increase, so the ceiling is competitive or contractual, not mathematical",,Blender - Premium brand,Home & Kitchen,Premium brand,-1.3572
Product,20219,1,33,1.717,0.2122,0.0806,False,"slope +1.72 is not a downward demand curve; volume rose with price, so something other than price is driving it",282340.3,2998871.46,10.6215,6.8097,,False,False,,"demand is inelastic (e = +1.72); profit rises with every price increase, so the ceiling is competitive or contractual, not mathematical",,Vitamin C Serum - Premium brand,Health & Beauty,Premium brand,-0.97
Product,20220,1,33,0.3481,0.4246,0.0397,False,"slope +0.35 is not a downward demand curve; volume rose with price, so something other than price is driving it",126189.6,1750497.81,13.872,7.9028,,False,False,,"demand is inelastic (e = +0.35); profit rises with every price increase, so the ceiling is competitive or contractual, not mathematical",,Body Wash - Premium brand,Health & Beauty,Premium brand,-1.2139
Product,20222,1,30,-1.7254,0.4564,0.0927,True,ok,84894.4,1739650.12,20.4919,15.385,36.5926,True,True,2.378,ok,-0.44,Work Gloves - National brand,Tools & Hardware,National brand,-1.7673
Product,20223,1,32,-2.7311,0.199,0.0336,True,ok,38344.2,459472.0,11.9828,8.637,13.6261,True,True,1.578,ok,-0.1206,Desk Organiser - Private label,Office & Stationery,Private label,-1.4892
Product,20224,1,31,-1.095,0.6442,0.1525,True,ok,48426.1,428094.16,8.8402,8.0732,93.0787,True,False,11.529,e = -1.09 implies a markup of 11.5x cost. That is what the formula says and it is not a recommendation: the elasticity was fitted around today's price and says nothing about demand at several times it,,Laser Measure - Value,Tools & Hardware,Value,-1.4268
Product,20225,1,29,-2.6874,0.3884,0.0774,True,ok,26271.1,1961056.8,74.6469,40.2972,64.1786,True,True,1.593,ok,0.1631,Air Fryer - Premium brand,Home & Kitchen,Premium brand,-1.5573
Product,20226,1,31,-0.2931,0.0697,0.0581,True,ok,14171.1,149180.65,10.5271,6.7796,,False,False,,"demand is inelastic (e = -0.29); profit rises with every price increase, so the ceiling is competitive or contractual, not mathematical",,Cat Litter - Private label,Pet Supplies,Private label,-0.8759
Product,20227,1,32,-1.2903,0.4012,0.0723,True,ok,49231.4,1507596.82,30.6227,24.6064,109.3619,True,True,4.444,ok,-0.72,Socket Set - National brand,Tools & Hardware,National brand,-1.564
Product,20228,1,31,-1.076,0.1905,0.0865,True,ok,6507.8,233398.24,35.8642,27.4215,388.3549,True,False,14.162,e = -1.08 implies a markup of 14.2x cost. That is what the formula says and it is not a recommendation: the elasticity was fitted around today's price and says nothing about demand at several times it,,Adjustable Dumbbells - National brand,Sporting Goods,National brand,-1.8452
Product,20229,1,30,-0.705,0.1577,0.0572,True,ok,136754.3,2284307.2,16.7037,12.4685,,False,False,,"demand is inelastic (e = -0.71); profit rises with every price increase, so the ceiling is competitive or contractual, not mathematical",,Chew Toy Pack - National brand,Pet Supplies,National brand,-1.294
Product,20230,1,32,-1.2385,0.09,0.0512,True,ok,168565.0,5323899.44,31.5837,18.384,95.4675,True,False,5.193,e = -1.24 implies a markup of 5.2x cost. That is what the formula says and it is not a recommendation: the elasticity was fitted around today's price and says nothing about demand at several times it,,Air Fryer - Private label,Home & Kitchen,Private label,-1.6748
Product,20231,1,31,,0.0,0.0,False,price varies by 0.0%; there is nothing to regress against,34759.1,1410287.32,40.5732,22.8126,,False,False,,"demand is inelastic (e = +0.00); profit rises with every price increase, so the ceiling is competitive or contractual, not mathematical",,Mechanical Keyboard - National brand,Consumer Electronics,National brand,-2.6316
Product,20232,1,30,-1.7132,0.5764,0.0919,True,ok,60987.6,2182049.05,35.7786,27.5568,66.1969,True,True,2.402,ok,-0.4595,Webcam - Value,Consumer Electronics,Value,-2.8245
Product,20233,1,32,,0.0,0.0,False,price varies by 0.0%; there is nothing to regress against,8526.7,381264.8,44.714,30.256,,False,False,,"demand is inelastic (e = +0.00); profit rises with every price increase, so the ceiling is competitive or contractual, not mathematical",,Bedding Set - National brand,Home & Kitchen,National brand,-1.8159
Product,20234,1,32,-0.5003,0.054,0.0534,True,ok,10691.2,328715.58,30.7465,23.1217,,False,False,,"demand is inelastic (e = -0.50); profit rises with every price increase, so the ceiling is competitive or contractual, not mathematical",,Safety Glasses - National brand,Tools & Hardware,National brand,-1.6253
Product,20235,1,31,-1.519,0.2546,0.0626,True,ok,40975.4,2402090.59,58.6228,46.7939,136.9493,True,True,2.927,ok,-0.5719,Camping Tent - Value,Sporting Goods,Value,-1.8711
Product,20236,1,33,-1.5466,0.6168,0.0745,True,ok,22184.6,872055.11,39.309,28.7179,81.2609,True,True,2.83,ok,-0.5163,Mechanical Keyboard - Value,Consumer Electronics,Value,-2.3021
Product,20237,1,32,-0.2233,0.7309,0.1551,True,ok,101466.7,5428240.31,53.4978,39.9644,,False,False,,"demand is inelastic (e = -0.22); profit rises with every price increase, so the ceiling is competitive or contractual, not mathematical",,Bluetooth Speaker - Value,Consumer Electronics,Value,-2.4364
Product,20238,1,30,-1.1339,0.2732,0.0229,True,ok,20034.5,232989.01,11.6294,9.6825,81.99,True,False,8.468,e = -1.13 implies a markup of 8.5x cost. That is what the formula says and it is not a recommendation: the elasticity was fitted around today's price and says nothing about demand at several times it,,Pet Bed - National brand,Pet Supplies,National brand,-0.9278
