product_id,description,category,current_price,unit_cost,volume_units,margin_pct,price_index,confidence,evidence,action,recommended_price,price_change_pct,volume_change_pct,revenue_delta,margin_delta,priority,rationale
20235,"Wireless Earbuds - Value, Case 12",Consumer Electronics,26.7252,19.1416,121633.43,0.2838,99.12,Medium,only 2 competitor observation(s),Fix cost,26.7252,0.0,0.0,0.0,0.0,3250677.7434,"No usable standard cost on the material master, so every margin on this item is measured against zero. No price recommendation is safe until costing maintains it."
20160,"Sunscreen SPF50 - National brand, Case 24",Health & Beauty,23.144,15.8641,51989.88,0.3145,106.2,Medium,only 1 competitor observation(s),Fix cost,23.144,0.0,0.0,0.0,0.0,1203253.7827,"No usable standard cost on the material master, so every margin on this item is measured against zero. No price recommendation is safe until costing maintains it."
20210,"Socket Set - Private label, Each",Tools & Hardware,32.6897,17.4174,21652.6,0.4672,110.52,Medium,only 1 competitor observation(s),Fix cost,32.6897,0.0,0.0,0.0,0.0,707816.9982,"No usable standard cost on the material master, so every margin on this item is measured against zero. No price recommendation is safe until costing maintains it."
20207,"Cycling Helmet - Private label, Case 12",Sporting Goods,26.4778,19.7388,23639.1,0.2545,107.0,Medium,only 1 competitor observation(s),Fix cost,26.4778,0.0,0.0,0.0,0.0,625911.362,"No usable standard cost on the material master, so every margin on this item is measured against zero. No price recommendation is safe until costing maintains it."
20092,"Yoga Mat - Premium brand, Each",Sporting Goods,44.1566,38.7314,199385.35,0.1229,76.18,Medium,only 1 competitor observation(s),Increase,48.1307,0.09,-0.1543,-687945.9966,503289.3566,503289.3566,"Raise to $48/unit (+9.0%) because priced at index 76 against the market, and margin 12.3% is under the 18% floor. The rise can afford to lose 42.3% of volume before contribution falls; the fitted elasticity implies losing 15.4%."
20162,"Electric Toothbrush - National brand, Case 12",Health & Beauty,24.118,12.9355,17193.86,0.4637,70.54,Medium,only 1 competitor observation(s),Fix cost,24.118,0.0,0.0,0.0,0.0,414681.5155,"No usable standard cost on the material master, so every margin on this item is measured against zero. No price recommendation is safe until costing maintains it."
20045,"Winter Gloves - Value, Inner pack 6",Apparel & Accessories,33.4643,26.2918,12114.44,0.2143,119.04,Medium,only 2 competitor observation(s),Fix cost,33.4643,0.0,0.0,0.0,0.0,405401.2545,"No usable standard cost on the material master, so every margin on this item is measured against zero. No price recommendation is safe until costing maintains it."
20189,"Aquarium Filter - National brand, Each",Pet Supplies,20.4275,13.0463,19403.61,0.3613,,Medium,no competitive coverage,Fix cost,20.4275,0.0,0.0,0.0,0.0,396367.2433,"No usable standard cost on the material master, so every margin on this item is measured against zero. No price recommendation is safe until costing maintains it."
20108,"Sunscreen SPF50 - Private label, Inner pack 6",Health & Beauty,19.4265,10.9206,19591.65,0.4379,102.26,Medium,only 1 competitor observation(s),Fix cost,19.4265,0.0,0.0,0.0,0.0,380597.1887,"No usable standard cost on the material master, so every margin on this item is measured against zero. No price recommendation is safe until costing maintains it."
20182,"Camping Tent - Value, Case 12",Sporting Goods,13.5168,12.8911,14763.35,0.0463,143.46,Medium,only 1 competitor observation(s),Fix cost,13.5168,0.0,0.0,0.0,0.0,199553.2493,"No usable standard cost on the material master, so every margin on this item is measured against zero. No price recommendation is safe until costing maintains it."
20090,"Pet Bed - National brand, Bulk pallet 144",Pet Supplies,50.0119,31.0113,70044.09,0.3799,83.99,Medium,only 1 competitor observation(s),Increase,54.513,0.09,-0.0836,-3801.6708,177713.6682,177713.6682,Raise to $55/unit (+9.0%) because priced at index 84 against the market. The rise can afford to lose 19.2% of volume before contribution falls; the fitted elasticity implies losing 8.4%.
20233,"Desk Organiser - National brand, Each",Office & Stationery,14.0784,10.9187,11760.31,0.2244,102.46,Medium,only 1 competitor observation(s),Fix cost,14.0784,0.0,0.0,0.0,0.0,165566.3483,"No usable standard cost on the material master, so every margin on this item is measured against zero. No price recommendation is safe until costing maintains it."
20104,"Bedding Set - National brand, Inner pack 6",Home & Kitchen,62.3646,46.6292,57126.35,0.2523,88.66,High,"elasticity, market and history all present",Increase,67.5277,0.0828,-0.1236,-181717.1543,147428.6391,147428.6391,Raise to $68/unit (+8.3%) because priced at index 89 against the market. The rise can afford to lose 24.7% of volume before contribution falls; the fitted elasticity implies losing 12.4%.
20190,"Aquarium Filter - Value, Inner pack 6",Pet Supplies,9.8032,8.922,14040.35,0.0899,100.32,Medium,only 2 competitor observation(s),Fix cost,9.8032,0.0,0.0,0.0,0.0,137640.3591,"No usable standard cost on the material master, so every margin on this item is measured against zero. No price recommendation is safe until costing maintains it."
20149,"Cordless Drill - Value, Each",Tools & Hardware,33.7645,30.4826,56279.98,0.0972,,Medium,no competitive coverage,Increase,36.8033,0.09,-0.0986,-33147.382,135959.0756,135959.0756,Raise to $37/unit (+9.0%) because margin 9.7% is under the 10% floor. The rise can afford to lose 48.1% of volume before contribution falls; the fitted elasticity implies losing 9.9%.
20130,"Socket Set - Value, Master carton 48",Tools & Hardware,25.23,21.0822,4073.46,0.1644,,Medium,no competitive coverage,Fix cost,25.23,0.0,0.0,0.0,0.0,102773.3958,"No usable standard cost on the material master, so every margin on this item is measured against zero. No price recommendation is safe until costing maintains it."
20101,"Chew Toy Pack - National brand, Each",Pet Supplies,28.0657,27.6738,42606.72,0.014,85.65,Medium,only 2 competitor observation(s),Increase,30.5916,0.09,-0.0626,26021.016,99837.9726,99837.9726,"Raise to $31/unit (+9.0%) because priced at index 86 against the market, and margin 1.4% is under the 11% floor. The rise can afford to lose 86.5% of volume before contribution falls; the fitted elasticity implies losing 6.3%."
20041,"Bedding Set - National brand, Each",Home & Kitchen,20.6377,14.9287,4794.17,0.2766,,Low,no competitive coverage; 6 months of history,Fix cost,20.6377,0.0,0.0,0.0,0.0,98940.6422,"No usable standard cost on the material master, so every margin on this item is measured against zero. No price recommendation is safe until costing maintains it."
20191,"Cat Litter - Premium brand, Case 24",Pet Supplies,30.8541,22.8403,47459.23,0.2597,88.71,High,"elasticity, market and history all present",Increase,33.3896,0.0822,-0.0554,32469.3269,92573.4841,92573.4841,Raise to $33/unit (+8.2%) because priced at index 89 against the market. The rise can afford to lose 24.0% of volume before contribution falls; the fitted elasticity implies losing 5.5%.
20124,"Socket Set - Value, Each",Tools & Hardware,36.1424,27.6049,45303.0,0.2362,82.71,Medium,only 2 competitor observation(s),Increase,39.3952,0.09,-0.1083,-45839.8116,89540.0393,89540.0393,Raise to $39/unit (+9.0%) because priced at index 83 against the market. The rise can afford to lose 27.6% of volume before contribution falls; the fitted elasticity implies losing 10.8%.
20193,"Chew Toy Pack - Premium brand, Master carton 48",Pet Supplies,45.6312,31.7114,1902.32,0.305,81.41,High,"elasticity, market and history all present",Fix cost,45.6312,0.0,0.0,0.0,0.0,86805.1444,"No usable standard cost on the material master, so every margin on this item is measured against zero. No price recommendation is safe until costing maintains it."
20174,"Socket Set - National brand, Each",Tools & Hardware,27.5269,24.6876,42658.67,0.1031,,Medium,no competitive coverage,Increase,30.0043,0.09,-0.0964,-17735.7528,83813.8635,83813.8635,Raise to $30/unit (+9.0%) because no price change in 1035 days while cost moved +6.2%. The rise can afford to lose 46.6% of volume before contribution falls; the fitted elasticity implies losing 9.6%.
20173,"Nonstick Cookware Set - Value, Bulk pallet 144",Home & Kitchen,20.0668,19.9954,65438.73,0.0036,90.06,High,"elasticity, market and history all present",Increase,21.3903,0.066,-0.0965,-48402.9152,77804.9949,77804.9949,"Raise to $21/unit (+6.6%) because priced at index 90 against the market, and margin 0.4% is under the 7% floor. The rise can afford to lose 94.8% of volume before contribution falls; the fitted elasticity implies losing 9.6%."
20007,"Pet Bed - Value, Inner pack 6",Pet Supplies,17.9187,16.0537,4193.81,0.1041,103.91,Medium,only 2 competitor observation(s),Fix cost,17.9187,0.0,0.0,0.0,0.0,75147.6232,"No usable standard cost on the material master, so every margin on this item is measured against zero. No price recommendation is safe until costing maintains it."
20080,"Bluetooth Speaker - Premium brand, Case 12",Consumer Electronics,45.098,24.2427,28384.72,0.4624,86.81,Medium,only 1 competitor observation(s),Increase,49.1568,0.09,-0.0646,25040.7085,69508.8181,69508.8181,Raise to $49/unit (+9.0%) because priced at index 87 against the market. The rise can afford to lose 16.3% of volume before contribution falls; the fitted elasticity implies losing 6.5%.
20074,"Vacuum Sealer - Private label, Case 24",Home & Kitchen,15.1939,12.7679,70503.23,0.1597,,Medium,no competitive coverage,Increase,16.5614,0.09,-0.109,-30886.968,67251.8042,67251.8042,Raise to $17/unit (+9.0%) because margin 16.0% is under the 23% floor. The rise can afford to lose 36.0% of volume before contribution falls; the fitted elasticity implies losing 10.9%.
20027,"Safety Boots - Premium brand, Each",Apparel & Accessories,77.0268,55.9452,14113.48,0.2737,74.55,Medium,only 1 competitor observation(s),Increase,83.9592,0.09,-0.086,-4067.6758,63837.5966,63837.5966,Raise to $84/unit (+9.0%) because priced at index 75 against the market. The rise can afford to lose 24.7% of volume before contribution falls; the fitted elasticity implies losing 8.6%.
20128,"Adjustable Dumbbells - Private label, Each",Sporting Goods,12.4899,11.3702,48926.76,0.0897,83.7,High,"elasticity, market and history all present",Increase,13.614,0.09,-0.0688,9146.7691,47441.08,47441.08,"Raise to $14/unit (+9.0%) because priced at index 84 against the market, and margin 9.0% is under the 25% floor. The rise can afford to lose 50.1% of volume before contribution falls; the fitted elasticity implies losing 6.9%."
20220,"Air Fryer - Premium brand, Inner pack 6",Home & Kitchen,60.5184,44.0152,27115.09,0.2727,91.17,High,"elasticity, market and history all present",Increase,63.7245,0.053,-0.0787,-49061.2415,44872.6452,44872.6452,Raise to $64/unit (+5.3%) because priced at index 91 against the market. The rise can afford to lose 16.3% of volume before contribution falls; the fitted elasticity implies losing 7.9%.
20000,"Wireless Earbuds - Private label, Inner pack 6",Consumer Electronics,46.038,36.8624,20294.09,0.1993,,Medium,no competitive coverage,Increase,50.1814,0.09,-0.1548,-73531.6473,42252.3575,42252.3575,Raise to $50/unit (+9.0%) because margin 19.9% is under the 22% floor. The rise can afford to lose 31.1% of volume before contribution falls; the fitted elasticity implies losing 15.5%.
20145,"Aquarium Filter - National brand, Master carton 48",Pet Supplies,11.8898,12.5929,40919.35,-0.0591,88.96,High,"elasticity, market and history all present",Increase,12.8307,0.0791,-0.093,-10327.0036,37596.6589,37596.6589,"Raise to $13/unit (+7.9%) because priced at index 89 against the market, and margin -5.9% is under the 10% floor. The rise can afford to lose 395.0% of volume before contribution falls; the fitted elasticity implies losing 9.3%."
20204,"Adjustable Dumbbells - Premium brand, Bulk pallet 144",Sporting Goods,44.7181,27.1587,59468.97,0.3927,80.34,High,"elasticity, market and history all present",Increase,48.7427,0.09,-0.158,-218526.9868,36589.6911,36589.6911,Raise to $49/unit (+9.0%) because priced at index 80 against the market. The rise can afford to lose 18.6% of volume before contribution falls; the fitted elasticity implies losing 15.8%.
20221,"Cat Litter - Private label, Bulk pallet 144",Pet Supplies,9.3236,8.5762,3786.54,0.0802,116.15,Medium,only 1 competitor observation(s),Fix cost,9.3236,0.0,0.0,0.0,0.0,35304.1843,"No usable standard cost on the material master, so every margin on this item is measured against zero. No price recommendation is safe until costing maintains it."
20065,"LED Floor Lamp - National brand, Case 24",Home & Kitchen,17.5081,17.3747,24055.52,0.0076,,Medium,no competitive coverage,Increase,19.0838,0.09,-0.0677,6823.7354,35121.3629,35121.3629,Raise to $19/unit (+9.0%) because margin 0.8% is under the 10% floor. The rise can afford to lose 92.2% of volume before contribution falls; the fitted elasticity implies losing 6.8%.
20185,"Bluetooth Speaker - Value, Master carton 48",Consumer Electronics,56.8897,55.9305,8035.09,0.0169,80.66,High,"elasticity, market and history all present",Increase,62.0098,0.09,-0.1407,-28983.0244,34265.5751,34265.5751,"Raise to $62/unit (+9.0%) because priced at index 81 against the market, and margin 1.7% is under the 5% floor. The rise can afford to lose 84.2% of volume before contribution falls; the fitted elasticity implies losing 14.1%."
20211,"Cat Litter - Premium brand, Each",Pet Supplies,22.4904,19.3456,24559.76,0.1398,75.64,Medium,only 2 competitor observation(s),Increase,24.5145,0.09,-0.1242,-25038.376,33950.8244,33950.8244,"Raise to $25/unit (+9.0%) because priced at index 76 against the market, and margin 14.0% is under the 17% floor. The rise can afford to lose 39.2% of volume before contribution falls; the fitted elasticity implies losing 12.4%."
20192,"Body Wash - National brand, Inner pack 6",Health & Beauty,16.2821,13.2892,91334.93,0.1838,88.64,High,"elasticity, market and history all present",Increase,16.7392,0.0281,-0.0328,-8375.091,31415.722,31415.722,Raise to $17/unit (+2.8%) because priced at index 89 against the market. The rise can afford to lose 13.2% of volume before contribution falls; the fitted elasticity implies losing 3.3%.
20083,"Grooming Kit - Value, Bulk pallet 144",Pet Supplies,23.5532,22.6818,15530.56,0.037,85.11,High,"elasticity, market and history all present",Increase,25.673,0.09,-0.0724,4066.8831,29559.5764,29559.5764,"Raise to $26/unit (+9.0%) because priced at index 85 against the market, and margin 3.7% is under the 9% floor. The rise can afford to lose 70.9% of volume before contribution falls; the fitted elasticity implies losing 7.2%."
20014,"Grooming Kit - Premium brand, Each",Pet Supplies,34.7633,16.8653,48845.2,0.5149,92.78,Medium,only 2 competitor observation(s),Increase,35.9698,0.0347,-0.033,898.176,28108.3399,28108.3399,Raise to $36/unit (+3.5%) because priced at index 93 against the market. The rise can afford to lose 6.3% of volume before contribution falls; the fitted elasticity implies losing 3.3%.
20205,"Bedding Set - Private label, Case 12",Home & Kitchen,28.4334,19.1328,81545.72,0.3271,87.7,Medium,only 1 competitor observation(s),Increase,29.1837,0.0264,-0.0405,-35238.3994,27975.2228,27975.2228,Raise to $29/unit (+2.6%) because priced at index 88 against the market. The rise can afford to lose 7.5% of volume before contribution falls; the fitted elasticity implies losing 4.1%.
20046,"Cycling Helmet - Private label, Each",Sporting Goods,54.0275,44.3458,8162.56,0.1792,86.51,Medium,only 2 competitor observation(s),Increase,58.89,0.09,-0.1065,-11499.6187,27047.8212,27047.8212,"Raise to $59/unit (+9.0%) because priced at index 87 against the market, and margin 17.9% is under the 24% floor. The rise can afford to lose 33.4% of volume before contribution falls; the fitted elasticity implies losing 10.6%."
20002,"Safety Boots - Value, Case 24",Apparel & Accessories,45.6316,33.9639,29267.06,0.2557,93.64,Medium,only 1 competitor observation(s),Increase,46.7816,0.0252,-0.0185,8376.3984,26731.4753,26731.4753,Raise to $47/unit (+2.5%) because priced at index 94 against the market. The rise can afford to lose 9.0% of volume before contribution falls; the fitted elasticity implies losing 1.8%.
20094,"Yoga Mat - National brand, Each",Sporting Goods,40.3572,36.7951,8249.2,0.0883,79.25,Medium,only 1 competitor observation(s),Increase,43.9893,0.09,-0.1065,-8681.1056,23642.3289,23642.3289,"Raise to $44/unit (+9.0%) because priced at index 79 against the market, and margin 8.8% is under the 11% floor, and no price change in 1035 days while cost moved +17.3%. The rise can afford to lose 50.5% of volume before contribution falls; the fitted elasticity implies losing 10.6%."
20157,"LED Floor Lamp - Premium brand, Case 12",Home & Kitchen,17.8742,12.2536,20797.34,0.3145,90.08,Medium,only 1 competitor observation(s),Increase,19.0489,0.0657,-0.0075,21440.874,23363.8424,23363.8424,Raise to $19/unit (+6.6%) because priced at index 90 against the market. The rise can afford to lose 17.3% of volume before contribution falls; the fitted elasticity implies losing 0.8%.
20196,"Resistance Bands - Value, Each",Sporting Goods,29.5581,28.7178,9892.85,0.0284,,Medium,no competitive coverage,Increase,32.2183,0.09,-0.098,-4922.4096,22923.0978,22923.0978,Raise to $32/unit (+9.0%) because margin 2.8% is under the 5% floor. The rise can afford to lose 76.0% of volume before contribution falls; the fitted elasticity implies losing 9.8%.
20117,"27in Monitor - Private label, Each",Consumer Electronics,45.833,21.1895,33982.33,0.5377,87.52,Medium,only 2 competitor observation(s),Increase,49.958,0.09,-0.1662,-141961.3565,-22293.8131,22293.8131,Raise to $50/unit (+9.0%) because priced at index 88 against the market. The rise can afford to lose 14.3% of volume before contribution falls; the fitted elasticity implies losing 16.6%.
20070,"Power Bank - Value, Case 12",Consumer Electronics,44.7923,39.423,27377.49,0.1199,93.97,High,"elasticity, market and history all present",Increase,45.7599,0.0216,-0.0243,-3898.9663,22282.8189,22282.8189,Raise to $46/unit (+2.2%) because priced at index 94 against the market. The rise can afford to lose 15.3% of volume before contribution falls; the fitted elasticity implies losing 2.4%.
20232,"Adjustable Dumbbells - Premium brand, Each",Sporting Goods,62.7025,34.4745,20012.79,0.4502,91.85,Medium,only 1 competitor observation(s),Increase,65.5355,0.0452,-0.0561,-16887.4231,21821.2362,21821.2362,Raise to $66/unit (+4.5%) because priced at index 92 against the market. The rise can afford to lose 9.1% of volume before contribution falls; the fitted elasticity implies losing 5.6%.
20120,"Sunscreen SPF50 - Value, Bulk pallet 144",Health & Beauty,6.8852,6.0399,88174.58,0.1228,85.65,Medium,only 2 competitor observation(s),Increase,7.181,0.043,-0.044,-1789.9718,21651.8746,21651.8746,Raise to $7/unit (+4.3%) because priced at index 86 against the market. The rise can afford to lose 25.9% of volume before contribution falls; the fitted elasticity implies losing 4.4%.
20075,"Resistance Bands - Private label, Each",Sporting Goods,23.6106,17.1192,18959.56,0.2749,74.2,Medium,only 1 competitor observation(s),Increase,25.593,0.084,-0.1,-10929.8001,21522.1509,21522.1509,Raise to $26/unit (+8.4%) because priced at index 74 against the market. The rise can afford to lose 23.4% of volume before contribution falls; the fitted elasticity implies losing 10.0%.
20064,"Hair Dryer - Value, Case 24",Health & Beauty,15.3093,15.0992,22705.75,0.0137,90.02,Medium,only 1 competitor observation(s),Increase,16.3263,0.0664,-0.0745,-4531.0264,21015.4165,21015.4165,"Raise to $16/unit (+6.6%) because priced at index 90 against the market, and margin 1.4% is under the 9% floor. The rise can afford to lose 82.9% of volume before contribution falls; the fitted elasticity implies losing 7.5%."
20166,"Electric Toothbrush - National brand, Bulk pallet 144",Health & Beauty,8.7339,9.071,22757.97,-0.0386,,Medium,no competitive coverage,Increase,9.52,0.09,-0.0986,-3463.8165,16881.8932,16881.8932,Raise to $10/unit (+9.0%) because margin -3.9% is under the 8% floor. The rise can afford to lose 175.1% of volume before contribution falls; the fitted elasticity implies losing 9.9%.
20060,"USB-C Charger - Private label, Case 12",Consumer Electronics,24.8205,18.0783,36146.09,0.2716,88.87,Medium,only 1 competitor observation(s),Increase,26.8118,0.0802,-0.1766,-99173.3178,16228.5446,16228.5446,Raise to $27/unit (+8.0%) because priced at index 89 against the market. The rise can afford to lose 22.8% of volume before contribution falls; the fitted elasticity implies losing 17.7%.
20222,"Socket Set - National brand, Case 24",Tools & Hardware,29.7418,21.119,10151.44,0.2899,82.73,Medium,only 2 competitor observation(s),Increase,32.4186,0.09,-0.0964,-4560.1582,16112.3161,16112.3161,Raise to $32/unit (+9.0%) because priced at index 83 against the market. The rise can afford to lose 23.7% of volume before contribution falls; the fitted elasticity implies losing 9.6%.
20146,"Sunscreen SPF50 - Value, Case 24",Health & Beauty,4.7121,4.5653,47006.6,0.0312,88.95,Medium,only 2 competitor observation(s),Increase,5.0856,0.0793,-0.0877,-3419.8288,15409.6653,15409.6653,"Raise to $5/unit (+7.9%) because priced at index 89 against the market, and margin 3.1% is under the 8% floor. The rise can afford to lose 71.8% of volume before contribution falls; the fitted elasticity implies losing 8.8%."
20203,"Air Fryer - Private label, Master carton 48",Home & Kitchen,18.0784,12.6618,22130.27,0.2996,86.79,Medium,only 2 competitor observation(s),Increase,19.6033,0.0844,-0.1225,-19384.7992,14932.8625,14932.8625,Raise to $20/unit (+8.4%) because priced at index 87 against the market. The rise can afford to lose 22.0% of volume before contribution falls; the fitted elasticity implies losing 12.2%.
20127,"Wireless Earbuds - Premium brand, Case 12",Consumer Electronics,26.9407,22.7497,6273.61,0.1556,86.43,Medium,only 1 competitor observation(s),Increase,29.3654,0.09,-0.0301,9660.6632,13960.8854,13960.8854,"Raise to $29/unit (+9.0%) because priced at index 86 against the market, and margin 15.6% is under the 18% floor. The rise can afford to lose 36.6% of volume before contribution falls; the fitted elasticity implies losing 3.0%."
20213,"Bedding Set - Premium brand, Master carton 48",Home & Kitchen,41.8141,28.7192,12324.38,0.3132,90.06,Medium,only 2 competitor observation(s),Increase,44.572,0.066,-0.1025,-22325.4895,13959.9752,13959.9752,Raise to $45/unit (+6.6%) because priced at index 90 against the market. The rise can afford to lose 17.4% of volume before contribution falls; the fitted elasticity implies losing 10.3%.
20155,"Camping Tent - Private label, Case 24",Sporting Goods,49.61,34.0158,9255.41,0.3143,85.12,Medium,only 2 competitor observation(s),Increase,52.3159,0.0545,-0.067,-7415.881,13689.5741,13689.5741,Raise to $52/unit (+5.5%) because priced at index 85 against the market. The rise can afford to lose 14.8% of volume before contribution falls; the fitted elasticity implies losing 6.7%.
20050,"HDMI Cable - Premium brand, Case 12",Consumer Electronics,55.4309,19.547,2409.33,0.6474,,Medium,no competitive coverage,Bundle,55.4309,0.0,0.0,0.0,0.0,13355.133,"Only 2,409 units on its own, but 57% of the customers who buy it buy it alongside something else. It is worth more as an attachment than as a line, and a bundle survives cannibalisation up to its own margin ratio."
20077,"Storage Bins - Value, Master carton 48",Home & Kitchen,22.8484,21.2644,6339.7,0.0693,73.67,Medium,only 1 competitor observation(s),Increase,24.9048,0.09,-0.0189,10055.4314,12600.9128,12600.9128,"Raise to $25/unit (+9.0%) because priced at index 74 against the market, and margin 6.9% is under the 8% floor. The rise can afford to lose 56.5% of volume before contribution falls; the fitted elasticity implies losing 1.9%."
20017,"Webcam - National brand, Case 24",Consumer Electronics,21.5783,14.3808,13213.25,0.3336,88.58,High,"elasticity, market and history all present",Increase,23.3858,0.0838,-0.099,-6715.4709,12100.8891,12100.8891,Raise to $23/unit (+8.4%) because priced at index 89 against the market. The rise can afford to lose 20.1% of volume before contribution falls; the fitted elasticity implies losing 9.9%.
20197,"Copy Paper - National brand, Master carton 48",Office & Stationery,15.0911,12.6096,56661.88,0.1644,75.35,Medium,only 1 competitor observation(s),Increase,15.3888,0.0197,-0.0336,-12421.047,11577.6632,11577.6632,Raise to $15/unit (+2.0%) because priced at index 75 against the market. The rise can afford to lose 10.7% of volume before contribution falls; the fitted elasticity implies losing 3.4%.
20001,"Multivitamin - Private label, Case 12",Health & Beauty,14.4407,11.1795,30184.52,0.2258,66.48,Medium,only 1 competitor observation(s),Increase,15.7404,0.09,-0.2018,-56672.077,11441.5183,11441.5183,"Raise to $16/unit (+9.0%) because priced at index 66 against the market, and margin 22.6% is under the 26% floor. The rise can afford to lose 28.5% of volume before contribution falls; the fitted elasticity implies losing 20.2%."
20156,"Vitamin C Serum - Private label, Inner pack 6",Health & Beauty,14.8827,8.4225,19217.56,0.4341,70.38,Medium,only 1 competitor observation(s),Increase,16.2221,0.09,-0.0986,-4984.173,10968.1723,10968.1723,Raise to $16/unit (+9.0%) because priced at index 70 against the market. The rise can afford to lose 17.2% of volume before contribution falls; the fitted elasticity implies losing 9.9%.
20015,"Body Wash - Value, Bulk pallet 144",Health & Beauty,9.7073,8.6126,31396.7,0.1128,87.75,Medium,only 1 competitor observation(s),Increase,10.2702,0.058,-0.1335,-25362.9179,10726.067,10726.067,Raise to $10/unit (+5.8%) because priced at index 88 against the market. The rise can afford to lose 34.0% of volume before contribution falls; the fitted elasticity implies losing 13.3%.
20122,"Body Wash - National brand, Bulk pallet 144",Health & Beauty,27.1671,16.8117,9849.2,0.3812,77.59,High,"elasticity, market and history all present",Increase,29.6121,0.09,-0.1064,-6945.8417,10669.3842,10669.3842,Raise to $30/unit (+9.0%) because priced at index 78 against the market. The rise can afford to lose 19.1% of volume before contribution falls; the fitted elasticity implies losing 10.6%.
20125,"Webcam - Private label, Inner pack 6",Consumer Electronics,67.3698,29.3692,8305.06,0.5641,84.28,Medium,only 2 competitor observation(s),Increase,73.4331,0.09,-0.1662,-50997.2474,-10461.496,10461.496,Raise to $73/unit (+9.0%) because priced at index 84 against the market. The rise can afford to lose 13.8% of volume before contribution falls; the fitted elasticity implies losing 16.6%.
20227,"Webcam - Value, Case 12",Consumer Electronics,32.032,27.2675,21563.01,0.1487,93.25,High,"elasticity, market and history all present",Increase,32.6049,0.0179,-0.0172,268.1915,10374.6939,10374.6939,Raise to $33/unit (+1.8%) because priced at index 93 against the market. The rise can afford to lose 10.7% of volume before contribution falls; the fitted elasticity implies losing 1.7%.
20229,"Safety Glasses - National brand, Case 24",Tools & Hardware,33.6659,29.0285,3031.53,0.1377,107.18,Medium,only 1 competitor observation(s),Bundle,33.6659,0.0,0.0,0.0,0.0,10205.9186,"Only 3,032 units on its own, but 62% of the customers who buy it buy it alongside something else. It is worth more as an attachment than as a line, and a bundle survives cannibalisation up to its own margin ratio."
20143,"Copy Paper - Private label, Each",Office & Stationery,13.6459,10.6696,15716.8,0.2181,,Medium,no competitive coverage,Increase,14.874,0.09,-0.1399,-13407.8241,10056.225,10056.225,Raise to $15/unit (+9.0%) because margin 21.8% is under the 25% floor. The rise can afford to lose 29.2% of volume before contribution falls; the fitted elasticity implies losing 14.0%.
20054,"Work Gloves - National brand, Bulk pallet 144",Tools & Hardware,58.371,38.6196,15361.42,0.3384,94.23,High,"elasticity, market and history all present",Increase,59.4674,0.0188,-0.0215,-2774.0026,9965.5931,9965.5931,Raise to $59/unit (+1.9%) because priced at index 94 against the market. The rise can afford to lose 5.3% of volume before contribution falls; the fitted elasticity implies losing 2.1%.
20106,"Blender - Value, Each",Home & Kitchen,14.1241,12.5246,12157.63,0.1132,84.62,Medium,only 2 competitor observation(s),Increase,15.0211,0.0635,-0.0534,1145.7354,9283.6291,9283.6291,Raise to $15/unit (+6.4%) because priced at index 85 against the market. The rise can afford to lose 35.9% of volume before contribution falls; the fitted elasticity implies losing 5.3%.
20231,"Mechanical Keyboard - Value, Case 12",Consumer Electronics,28.8996,26.094,31556.23,0.0971,94.61,Medium,only 2 competitor observation(s),Increase,29.3242,0.0147,-0.0433,-26682.6698,8983.3198,8983.3198,Raise to $29/unit (+1.5%) because priced at index 95 against the market. The rise can afford to lose 13.1% of volume before contribution falls; the fitted elasticity implies losing 4.3%.
20126,"Smart Plug - Value, Master carton 48",Consumer Electronics,40.7239,25.0942,22124.53,0.3838,91.13,High,"elasticity, market and history all present",Increase,42.9002,0.0534,-0.0996,-46347.7885,8927.8483,8927.8483,Raise to $43/unit (+5.3%) because priced at index 91 against the market. The rise can afford to lose 12.2% of volume before contribution falls; the fitted elasticity implies losing 10.0%.
20154,"Filing Boxes - National brand, Each",Office & Stationery,13.4985,11.5836,30809.46,0.1419,92.65,Medium,only 1 competitor observation(s),Increase,13.8147,0.0234,-0.0278,-2109.9531,7826.6983,7826.6983,Raise to $14/unit (+2.3%) because priced at index 93 against the market. The rise can afford to lose 14.2% of volume before contribution falls; the fitted elasticity implies losing 2.8%.
20184,"Vacuum Sealer - Private label, Each",Home & Kitchen,20.7563,19.7102,4453.76,0.0504,,Medium,no competitive coverage,Increase,22.6244,0.09,-0.0858,-330.0224,7205.767,7205.767,Raise to $23/unit (+9.0%) because margin 5.0% is under the 23% floor. The rise can afford to lose 64.1% of volume before contribution falls; the fitted elasticity implies losing 8.6%.
20051,"Grooming Kit - National brand, Case 12",Pet Supplies,17.9051,14.7214,19539.1,0.1778,90.0,Medium,only 1 competitor observation(s),Increase,18.3673,0.0258,-0.0272,-726.0048,7094.9622,7094.9622,Raise to $18/unit (+2.6%) because priced at index 90 against the market. The rise can afford to lose 12.7% of volume before contribution falls; the fitted elasticity implies losing 2.7%.
20195,"Hair Dryer - Value, Inner pack 6",Health & Beauty,9.8039,9.6611,19283.61,0.0146,92.36,High,"elasticity, market and history all present",Increase,10.1903,0.0394,-0.0455,-1484.9197,6986.8096,6986.8096,"Raise to $10/unit (+3.9%) because priced at index 92 against the market, and margin 1.5% is under the 9% floor, and no price change in 1004 days while cost moved +11.4%. The rise can afford to lose 73.0% of volume before contribution falls; the fitted elasticity implies losing 4.5%."
20098,"Laptop Sleeve - Private label, Each",Apparel & Accessories,34.33,18.3586,10948.37,0.4652,90.23,Medium,only 2 competitor observation(s),Increase,36.5253,0.0639,-0.0891,-11583.2439,6319.5584,6319.5584,Raise to $37/unit (+6.4%) because priced at index 90 against the market. The rise can afford to lose 12.1% of volume before contribution falls; the fitted elasticity implies losing 8.9%.
20087,"Blender - National brand, Each",Home & Kitchen,57.0662,40.94,9215.9,0.2826,86.8,Medium,only 1 competitor observation(s),Increase,62.2022,0.09,-0.2097,-72850.4876,6251.1555,6251.1555,Raise to $62/unit (+9.0%) because priced at index 87 against the market. The rise can afford to lose 24.2% of volume before contribution falls; the fitted elasticity implies losing 21.0%.
20116,"Aquarium Filter - Premium brand, Master carton 48",Pet Supplies,34.9298,15.7449,9926.62,0.5492,86.61,Medium,only 1 competitor observation(s),Increase,38.0735,0.09,-0.1132,-11581.1881,6113.0226,6113.0226,Raise to $38/unit (+9.0%) because priced at index 87 against the market. The rise can afford to lose 14.1% of volume before contribution falls; the fitted elasticity implies losing 11.3%.
20147,"Smart Plug - Value, Each",Consumer Electronics,33.6666,28.6302,32693.95,0.1496,89.27,Medium,only 1 competitor observation(s),Increase,33.91,0.0072,-0.0128,-6249.725,5745.1779,5745.1779,Raise to $34/unit (+0.7%) because priced at index 89 against the market. The rise can afford to lose 4.6% of volume before contribution falls; the fitted elasticity implies losing 1.3%.
20175,"Nonstick Cookware Set - Private label, Bulk pallet 144",Home & Kitchen,33.8756,21.5601,1659.92,0.3636,,Low,no competitive coverage; 3 months of history,Bundle,33.8756,0.0,0.0,0.0,0.0,5623.0786,"Only 1,660 units on its own, but 44% of the customers who buy it buy it alongside something else. It is worth more as an attachment than as a line, and a bundle survives cannibalisation up to its own margin ratio."
20123,"Grooming Kit - National brand, Case 24",Pet Supplies,15.8766,11.5576,26094.75,0.272,94.38,Medium,only 2 competitor observation(s),Increase,16.1491,0.0172,-0.0127,1765.0652,5591.2259,5591.2259,Raise to $16/unit (+1.7%) because priced at index 94 against the market. The rise can afford to lose 5.9% of volume before contribution falls; the fitted elasticity implies losing 1.3%.
20031,"Laptop Sleeve - Premium brand, Master carton 48",Apparel & Accessories,33.3684,19.9438,13232.68,0.4023,92.88,Medium,only 2 competitor observation(s),Increase,34.4893,0.0336,-0.0485,-7306.2512,5495.75,5495.75,Raise to $34/unit (+3.4%) because priced at index 93 against the market. The rise can afford to lose 7.7% of volume before contribution falls; the fitted elasticity implies losing 4.9%.
20079,"Smart Plug - National brand, Case 24",Consumer Electronics,53.5788,40.4111,4861.09,0.2458,91.65,Medium,only 1 competitor observation(s),Increase,56.1218,0.0475,-0.0932,-13055.3223,5246.5823,5246.5823,Raise to $56/unit (+4.7%) because priced at index 92 against the market. The rise can afford to lose 16.2% of volume before contribution falls; the fitted elasticity implies losing 9.3%.
20026,"Copy Paper - National brand, Inner pack 6",Office & Stationery,8.9787,8.4922,8119.57,0.0542,,Medium,no competitive coverage,Increase,9.7868,0.09,-0.1392,-4496.9314,5098.5737,5098.5737,Raise to $10/unit (+9.0%) because margin 5.4% is under the 11% floor. The rise can afford to lose 62.4% of volume before contribution falls; the fitted elasticity implies losing 13.9%.
20049,"Adjustable Dumbbells - Value, Master carton 48",Sporting Goods,38.1601,32.3376,6232.82,0.1526,90.49,High,"elasticity, market and history all present",Increase,39.3258,0.0305,-0.0519,-5446.7095,5006.6179,5006.6179,"Raise to $39/unit (+3.1%) because priced at index 90 against the market, and no price change in 761 days while cost moved +8.2%. The rise can afford to lose 16.7% of volume before contribution falls; the fitted elasticity implies losing 5.2%."
20100,"Laptop Sleeve - Private label, Bulk pallet 144",Apparel & Accessories,32.3554,23.1134,11044.14,0.2856,94.41,High,"elasticity, market and history all present",Increase,32.9003,0.0168,-0.0097,2494.9229,4970.0415,4970.0415,Raise to $33/unit (+1.7%) because priced at index 94 against the market. The rise can afford to lose 5.6% of volume before contribution falls; the fitted elasticity implies losing 1.0%.
20115,"Cotton T-Shirt 5pk - National brand, Each",Apparel & Accessories,22.7427,18.5193,2184.7,0.1857,98.47,Medium,only 2 competitor observation(s),Bundle,22.7427,0.0,0.0,0.0,0.0,4968.5977,"Only 2,185 units on its own, but 39% of the customers who buy it buy it alongside something else. It is worth more as an attachment than as a line, and a bundle survives cannibalisation up to its own margin ratio."
20223,"Adjustable Dumbbells - National brand, Each",Sporting Goods,32.1771,26.4844,7155.27,0.1769,87.59,High,"elasticity, market and history all present",Increase,33.1096,0.029,-0.0366,-2007.8313,4935.3859,4935.3859,Raise to $33/unit (+2.9%) because priced at index 88 against the market. The rise can afford to lose 14.1% of volume before contribution falls; the fitted elasticity implies losing 3.7%.
20178,"Vitamin C Serum - Private label, Case 12",Health & Beauty,11.3746,9.5662,6592.99,0.159,81.09,Medium,only 2 competitor observation(s),Increase,12.3983,0.09,-0.1112,-2344.0849,4672.1845,4672.1845,"Raise to $12/unit (+9.0%) because priced at index 81 against the market, and margin 15.9% is under the 28% floor. The rise can afford to lose 36.1% of volume before contribution falls; the fitted elasticity implies losing 11.1%."
20228,"Bedding Set - National brand, Case 24",Home & Kitchen,36.4061,33.4385,1885.36,0.0815,,Medium,no competitive coverage,Increase,39.6826,0.09,-0.1279,-3391.4368,4671.7833,4671.7833,Raise to $40/unit (+9.0%) because margin 8.2% is under the 13% floor. The rise can afford to lose 52.5% of volume before contribution falls; the fitted elasticity implies losing 12.8%.
20067,"Safety Glasses - Value, Case 12",Tools & Hardware,19.2291,13.4051,2369.44,0.3029,117.95,High,"elasticity, market and history all present",Bundle,19.2291,0.0,0.0,0.0,0.0,4556.2199,"Only 2,369 units on its own, but 62% of the customers who buy it buy it alongside something else. It is worth more as an attachment than as a line, and a bundle survives cannibalisation up to its own margin ratio."
20039,"Pet Bed - National brand, Each",Pet Supplies,30.2259,21.0916,1374.98,0.3022,127.06,Medium,only 2 competitor observation(s),Bundle,30.2259,0.0,0.0,0.0,0.0,4156.0008,"Only 1,375 units on its own, but 39% of the customers who buy it buy it alongside something else. It is worth more as an attachment than as a line, and a bundle survives cannibalisation up to its own margin ratio."
20177,"Gel Pens - Premium brand, Bulk pallet 144",Office & Stationery,16.3357,11.5627,36110.2,0.2922,94.63,Medium,only 2 competitor observation(s),Increase,16.5722,0.0145,-0.0248,-6317.398,4048.8462,4048.8462,"Raise to $17/unit (+1.4%) because priced at index 95 against the market, and no price change in 1035 days while cost moved +14.2%. The rise can afford to lose 4.7% of volume before contribution falls; the fitted elasticity implies losing 2.5%."
20062,"Fastener Assortment - National brand, Bulk pallet 144",Tools & Hardware,53.4482,40.4404,1297.43,0.2434,83.89,Medium,5 months of history,Increase,58.2585,0.09,-0.0964,-1047.3746,4011.9327,4011.9327,Raise to $58/unit (+9.0%) because priced at index 84 against the market. The rise can afford to lose 27.0% of volume before contribution falls; the fitted elasticity implies losing 9.6%.
20239,"Multivitamin - Private label, Inner pack 6",Health & Beauty,23.8986,13.9946,23772.75,0.4144,87.69,High,"elasticity, market and history all present",Increase,26.0495,0.09,-0.1649,-51004.0999,3866.64,3866.64,Raise to $26/unit (+9.0%) because priced at index 88 against the market. The rise can afford to lose 17.8% of volume before contribution falls; the fitted elasticity implies losing 16.5%.
20206,"Blender - National brand, Case 24",Home & Kitchen,35.3085,31.3787,1091.94,0.1113,106.71,Medium,only 1 competitor observation(s),Bundle,35.3085,0.0,0.0,0.0,0.0,3855.4763,"Only 1,092 units on its own, but 44% of the customers who buy it buy it alongside something else. It is worth more as an attachment than as a line, and a bundle survives cannibalisation up to its own margin ratio."
20059,"Desk Organiser - National brand, Inner pack 6",Office & Stationery,12.9488,10.7102,2936.32,0.1729,116.24,Medium,only 2 competitor observation(s),Bundle,12.9488,0.0,0.0,0.0,0.0,3802.182,"Only 2,936 units on its own, but 74% of the customers who buy it buy it alongside something else. It is worth more as an attachment than as a line, and a bundle survives cannibalisation up to its own margin ratio."
20112,"Bedding Set - Private label, Inner pack 6",Home & Kitchen,18.642,13.4331,5400.69,0.2794,76.71,Medium,only 1 competitor observation(s),Increase,19.8627,0.0655,-0.0958,-3685.5871,3265.4594,3265.4594,Raise to $20/unit (+6.5%) because priced at index 77 against the market. The rise can afford to lose 19.0% of volume before contribution falls; the fitted elasticity implies losing 9.6%.
20176,"Grooming Kit - Value, Case 12",Pet Supplies,22.4552,15.2772,1449.92,0.3197,116.65,Medium,only 1 competitor observation(s),Bundle,22.4552,0.0,0.0,0.0,0.0,3255.8244,"Only 1,450 units on its own, but 37% of the customers who buy it buy it alongside something else. It is worth more as an attachment than as a line, and a bundle survives cannibalisation up to its own margin ratio."
20103,"Power Bank - National brand, Inner pack 6",Consumer Electronics,50.7238,31.274,9610.48,0.3834,83.06,Medium,only 2 competitor observation(s),Increase,55.2889,0.09,-0.1761,-49707.4498,3226.179,3226.179,Raise to $55/unit (+9.0%) because priced at index 83 against the market. The rise can afford to lose 19.0% of volume before contribution falls; the fitted elasticity implies losing 17.6%.
20066,"Laminator - Private label, Master carton 48",Office & Stationery,11.1501,6.5564,2842.21,0.412,98.71,Medium,only 2 competitor observation(s),Bundle,11.1501,0.0,0.0,0.0,0.0,3169.0926,"Only 2,842 units on its own, but 56% of the customers who buy it buy it alongside something else. It is worth more as an attachment than as a line, and a bundle survives cannibalisation up to its own margin ratio."
20091,"Hair Dryer - Private label, Inner pack 6",Health & Beauty,10.3598,8.1066,10750.02,0.2175,91.2,Medium,only 1 competitor observation(s),Increase,10.9051,0.0526,-0.0967,-5472.8478,2952.8381,2952.8381,"Raise to $11/unit (+5.3%) because priced at index 91 against the market, and margin 21.8% is under the 26% floor. The rise can afford to lose 19.5% of volume before contribution falls; the fitted elasticity implies losing 9.7%."
20099,"Copy Paper - Value, Bulk pallet 144",Office & Stationery,9.3266,8.0295,10713.85,0.1391,91.9,High,"elasticity, market and history all present",Increase,9.6393,0.0335,-0.0348,-243.5319,2749.8103,2749.8103,Raise to $10/unit (+3.4%) because priced at index 92 against the market. The rise can afford to lose 19.4% of volume before contribution falls; the fitted elasticity implies losing 3.5%.
20011,"Cordless Drill - Value, Case 24",Tools & Hardware,14.4307,15.1193,2045.58,-0.0477,88.29,Medium,only 2 competitor observation(s),Increase,15.6909,0.0873,-0.0813,-32.3574,2482.7014,2482.7014,"Raise to $16/unit (+8.7%) because priced at index 88 against the market, and margin -4.8% is under the 6% floor. The rise can afford to lose 220.4% of volume before contribution falls; the fitted elasticity implies losing 8.1%."
20107,"Laminator - National brand, Case 24",Office & Stationery,11.6075,9.9229,7447.89,0.1451,91.26,High,"elasticity, market and history all present",Increase,12.1753,0.0489,-0.1123,-5957.1761,2344.4351,2344.4351,Raise to $12/unit (+4.9%) because priced at index 91 against the market. The rise can afford to lose 25.2% of volume before contribution falls; the fitted elasticity implies losing 11.2%.
20021,"Bedding Set - National brand, Bulk pallet 144",Home & Kitchen,36.6934,28.3629,5099.83,0.227,94.29,High,"elasticity, market and history all present",Increase,37.3589,0.0181,-0.0281,-1967.2067,2102.806,2102.806,Raise to $37/unit (+1.8%) because priced at index 94 against the market. The rise can afford to lose 7.4% of volume before contribution falls; the fitted elasticity implies losing 2.8%.
20056,"Vacuum Sealer - National brand, Case 12",Home & Kitchen,24.8004,20.8113,816.81,0.1608,109.05,High,"elasticity, market and history all present",Bundle,24.8004,0.0,0.0,0.0,0.0,2025.7215,"Only 817 units on its own, but 61% of the customers who buy it buy it alongside something else. It is worth more as an attachment than as a line, and a bundle survives cannibalisation up to its own margin ratio."
20144,"Winter Gloves - National brand, Inner pack 6",Apparel & Accessories,25.3286,15.2494,3745.06,0.3979,90.85,Medium,only 2 competitor observation(s),Increase,26.7644,0.0567,-0.0796,-2604.8521,1943.0099,1943.0099,Raise to $27/unit (+5.7%) because priced at index 91 against the market. The rise can afford to lose 12.5% of volume before contribution falls; the fitted elasticity implies losing 8.0%.
20216,"Laptop Sleeve - National brand, Each",Apparel & Accessories,18.1848,15.1833,3107.43,0.1651,90.1,Low,only 1 competitor observation(s); 5 months of history,Increase,19.0793,0.0492,-0.0697,-1353.7821,1935.5568,1935.5568,Raise to $19/unit (+4.9%) because priced at index 90 against the market. The rise can afford to lose 23.0% of volume before contribution falls; the fitted elasticity implies losing 7.0%.
20029,"27in Monitor - Private label, Inner pack 6",Consumer Electronics,59.8192,29.9126,4227.39,0.4999,88.4,Low,only 2 competitor observation(s); 1 months of history,Increase,64.962,0.086,-0.1597,-22103.5984,-1914.9123,1914.9123,Raise to $65/unit (+8.6%) because priced at index 88 against the market. The rise can afford to lose 14.7% of volume before contribution falls; the fitted elasticity implies losing 16.0%.
20133,"Aquarium Filter - National brand, Case 24",Pet Supplies,11.2368,11.8751,2883.84,-0.0568,,Low,no competitive coverage; 3 months of history,Discontinue,11.2368,0.0,-1.0,-32405.1333,1840.8167,1840.8167,"Margin is -5.7% and the market is charging $0/unit against a cost of $12/unit. At 2,884 units it is too small to be worth re-engineering. Exit unless it is holding a listing."
20137,"Toner Cartridge - National brand, Each",Office & Stationery,13.4806,12.6053,1939.69,0.0649,,Low,no competitive coverage; 2 months of history,Increase,14.6939,0.09,-0.1399,-1634.683,1786.4942,1786.4942,Raise to $15/unit (+9.0%) because margin 6.5% is under the 11% floor. The rise can afford to lose 58.1% of volume before contribution falls; the fitted elasticity implies losing 14.0%.
20096,"Desk Organiser - Value, Each",Office & Stationery,15.7652,12.7892,1599.39,0.1888,71.98,Medium,only 1 competitor observation(s),Increase,17.1841,0.09,-0.0918,-254.0327,1623.9744,1623.9744,Raise to $17/unit (+9.0%) because priced at index 72 against the market. The rise can afford to lose 32.3% of volume before contribution falls; the fitted elasticity implies losing 9.2%.
20119,"Hair Dryer - National brand, Bulk pallet 144",Health & Beauty,12.6022,8.1847,3390.98,0.3505,89.81,High,"elasticity, market and history all present",Increase,13.4708,0.0689,-0.0771,-577.1183,1563.1053,1563.1053,Raise to $13/unit (+6.9%) because priced at index 90 against the market. The rise can afford to lose 16.4% of volume before contribution falls; the fitted elasticity implies losing 7.7%.
20032,"Safety Glasses - National brand, Master carton 48",Tools & Hardware,12.7563,12.8436,1415.21,-0.0068,87.44,Medium,only 2 competitor observation(s),Increase,13.9044,0.09,-0.0655,335.0691,1526.364,1526.364,"Raise to $14/unit (+9.0%) because priced at index 87 against the market, and margin -0.7% is under the 11% floor. The rise can afford to lose 108.2% of volume before contribution falls; the fitted elasticity implies losing 6.6%."
20023,"Adjustable Dumbbells - National brand, Bulk pallet 144",Sporting Goods,25.1467,20.2812,9766.76,0.1935,85.07,Medium,only 2 competitor observation(s),Increase,25.3389,0.0076,-0.0099,-572.6209,1388.0272,1388.0272,Raise to $25/unit (+0.8%) because priced at index 85 against the market. The rise can afford to lose 3.8% of volume before contribution falls; the fitted elasticity implies losing 1.0%.
20172,"Work Gloves - Value, Master carton 48",Tools & Hardware,36.7679,32.3066,27517.51,0.1213,95.83,High,"elasticity, market and history all present",Increase,36.8331,0.0018,-0.0038,-2030.2487,1324.7602,1324.7602,Raise to $37/unit (+0.2%) because priced at index 96 against the market. The rise can afford to lose 1.4% of volume before contribution falls; the fitted elasticity implies losing 0.4%.
20209,"USB-C Charger - National brand, Bulk pallet 144",Consumer Electronics,42.9323,29.235,1331.7,0.319,91.62,Medium,only 2 competitor observation(s),Increase,44.9847,0.0478,-0.0674,-1304.6147,1319.5203,1319.5203,Raise to $45/unit (+4.8%) because priced at index 92 against the market. The rise can afford to lose 13.0% of volume before contribution falls; the fitted elasticity implies losing 6.7%.
20053,"Power Bank - Value, Bulk pallet 144",Consumer Electronics,82.9757,46.9883,34949.8,0.4337,95.91,Medium,only 2 competitor observation(s),Increase,83.0536,0.0009,-0.0011,-582.8396,1286.4995,1286.4995,Raise to $83/unit (+0.1%) because priced at index 96 against the market. The rise can afford to lose 0.2% of volume before contribution falls; the fitted elasticity implies losing 0.1%.
20138,"Nonstick Cookware Set - Value, Case 24",Home & Kitchen,26.2433,20.2104,991.25,0.2299,88.03,Medium,only 2 competitor observation(s),Increase,28.6052,0.09,-0.1279,-1285.3367,1276.9432,1276.9432,Raise to $29/unit (+9.0%) because priced at index 88 against the market. The rise can afford to lose 28.1% of volume before contribution falls; the fitted elasticity implies losing 12.8%.
20110,"Air Fryer - Value, Each",Home & Kitchen,39.3253,24.4345,273.22,0.3787,109.11,Low,only 2 competitor observation(s); 4 months of history,Bundle,39.3253,0.0,0.0,0.0,0.0,1074.4458,"Only 273 units on its own, but 73% of the customers who buy it buy it alongside something else. It is worth more as an attachment than as a line, and a bundle survives cannibalisation up to its own margin ratio."
20212,"Cutlery Block - Private label, Master carton 48",Home & Kitchen,11.2849,7.0132,877.37,0.3785,110.51,Low,only 1 competitor observation(s); 6 months of history,Bundle,11.2849,0.0,0.0,0.0,0.0,990.1033,"Only 877 units on its own, but 37% of the customers who buy it buy it alongside something else. It is worth more as an attachment than as a line, and a bundle survives cannibalisation up to its own margin ratio."
20078,"Filing Boxes - Value, Inner pack 6",Office & Stationery,11.3958,8.8739,2084.7,0.2213,90.35,Medium,only 2 competitor observation(s),Increase,12.1084,0.0625,-0.1119,-1339.9308,730.8405,730.8405,Raise to $12/unit (+6.3%) because priced at index 90 against the market. The rise can afford to lose 22.0% of volume before contribution falls; the fitted elasticity implies losing 11.2%.
20073,"HDMI Cable - National brand, Each",Consumer Electronics,48.2767,27.7874,2691.98,0.4244,88.57,Medium,3 months of history,Increase,52.3266,0.0839,-0.1562,-11106.542,580.8866,580.8866,Raise to $52/unit (+8.4%) because priced at index 89 against the market. The rise can afford to lose 16.5% of volume before contribution falls; the fitted elasticity implies losing 15.6%.
20158,"Blender - Premium brand, Each",Home & Kitchen,30.9241,23.9095,14859.38,0.2268,95.83,High,"elasticity, market and history all present",Increase,30.979,0.0018,-0.0025,-338.3575,551.9299,551.9299,Raise to $31/unit (+0.2%) because priced at index 96 against the market. The rise can afford to lose 0.8% of volume before contribution falls; the fitted elasticity implies losing 0.3%.
20135,"Bluetooth Speaker - National brand, Each",Consumer Electronics,55.0328,36.0419,31563.39,0.3451,95.71,Medium,only 1 competitor observation(s),Increase,55.1995,0.003,-0.0078,-8367.074,532.615,532.615,Raise to $55/unit (+0.3%) because priced at index 96 against the market. The rise can afford to lose 0.9% of volume before contribution falls; the fitted elasticity implies losing 0.8%.
20019,"Gel Pens - Private label, Master carton 48",Office & Stationery,7.2377,5.4561,12889.63,0.2461,95.29,Medium,only 2 competitor observation(s),Increase,7.2916,0.0075,-0.0129,-517.3351,389.9039,389.9039,Raise to $7/unit (+0.7%) because priced at index 95 against the market. The rise can afford to lose 2.9% of volume before contribution falls; the fitted elasticity implies losing 1.3%.
20055,"Filing Boxes - Private label, Each",Office & Stationery,13.8635,7.8439,225.0,0.4342,96.32,Low,only 2 competitor observation(s); 4 months of history,Bundle,13.8635,0.0,0.0,0.0,0.0,311.9288,"Only 225 units on its own, but 53% of the customers who buy it buy it alongside something else. It is worth more as an attachment than as a line, and a bundle survives cannibalisation up to its own margin ratio."
20136,"Vitamin C Serum - Value, Case 24",Health & Beauty,12.0326,10.2901,1155.04,0.1448,94.13,Low,only 2 competitor observation(s); 2 months of history,Increase,12.2716,0.0199,-0.0234,-55.6609,222.5317,222.5317,Raise to $12/unit (+2.0%) because priced at index 94 against the market. The rise can afford to lose 12.1% of volume before contribution falls; the fitted elasticity implies losing 2.3%.
20141,"HDMI Cable - Value, Case 12",Consumer Electronics,29.3934,16.4252,3050.21,0.4412,93.07,Low,only 1 competitor observation(s); 5 months of history,Increase,30.3188,0.0315,-0.0633,-3029.548,140.8049,140.8049,Raise to $30/unit (+3.1%) because priced at index 93 against the market. The rise can afford to lose 6.7% of volume before contribution falls; the fitted elasticity implies losing 6.3%.
20012,"Vacuum Sealer - Private label, Case 12",Home & Kitchen,14.0626,5.9101,14477.18,0.5797,95.18,Medium,only 1 competitor observation(s),Increase,14.1838,0.0086,-0.0135,-1024.3211,133.3355,133.3355,Raise to $14/unit (+0.9%) because priced at index 95 against the market. The rise can afford to lose 1.5% of volume before contribution falls; the fitted elasticity implies losing 1.4%.
20085,"Electric Toothbrush - Private label, Bulk pallet 144",Health & Beauty,17.3676,9.091,578.07,0.4766,93.37,Low,only 2 competitor observation(s); 1 months of history,Increase,17.8568,0.0282,-0.0329,-56.7313,116.1223,116.1223,Raise to $18/unit (+2.8%) because priced at index 93 against the market. The rise can afford to lose 5.6% of volume before contribution falls; the fitted elasticity implies losing 3.3%.
20234,"Vacuum Sealer - National brand, Each",Home & Kitchen,48.7742,28.4847,1543.38,0.416,95.9,Medium,only 2 competitor observation(s),Increase,48.8251,0.001,-0.0013,-22.6386,36.3634,36.3634,Raise to $49/unit (+0.1%) because priced at index 96 against the market. The rise can afford to lose 0.3% of volume before contribution falls; the fitted elasticity implies losing 0.1%.
20003,"Storage Bins - National brand, Master carton 48",Home & Kitchen,23.8594,19.3948,89998.82,0.1871,108.14,High,"elasticity, market and history all present",Maintain,23.8594,0.0,0.0,0.0,0.0,0.0,"Margin 18.7% against a 17% target, priced at the market, last changed 0 days ago. Nothing here needs a decision."
20004,"Camping Tent - Premium brand, Each",Sporting Goods,22.4574,18.8265,50982.73,0.1617,103.23,Medium,only 1 competitor observation(s),Maintain,22.4574,0.0,0.0,0.0,0.0,0.0,"Margin 16.2% against a 24% target, priced at the market, last changed 151 days ago. Nothing here needs a decision."
20005,"Backpack - Private label, Master carton 48",Apparel & Accessories,32.9571,18.2394,1987.82,0.4466,109.87,High,"elasticity, market and history all present",Maintain,32.9571,0.0,0.0,0.0,0.0,0.0,"Margin 44.7% against a 33% target, priced at the market, last changed 0 days ago. Nothing here needs a decision."
20006,"Electric Toothbrush - Premium brand, Master carton 48",Health & Beauty,32.2396,19.6144,39819.81,0.3916,108.27,Medium,only 1 competitor observation(s),Maintain,32.2396,0.0,0.0,0.0,0.0,0.0,"Margin 39.2% against a 26% target, priced at the market, last changed 31 days ago. Nothing here needs a decision."
20008,"Electric Toothbrush - Value, Case 24",Health & Beauty,16.0689,13.8431,14325.72,0.1385,104.58,Medium,only 2 competitor observation(s),Maintain,16.0689,0.0,0.0,0.0,0.0,0.0,"Margin 13.9% against a 17% target, priced at the market, last changed 61 days ago. Nothing here needs a decision."
20009,"Toner Cartridge - Private label, Case 12",Office & Stationery,27.7292,14.4153,6066.17,0.4801,102.99,Medium,only 2 competitor observation(s),Maintain,27.7292,0.0,0.0,0.0,0.0,0.0,"Margin 48.0% against a 34% target, priced at the market, last changed 31 days ago. Nothing here needs a decision."
20010,"Adjustable Dumbbells - National brand, Inner pack 6",Sporting Goods,38.8619,32.8266,8831.8,0.1553,100.79,Medium,only 2 competitor observation(s),Maintain,38.8619,0.0,0.0,0.0,0.0,0.0,"Margin 15.5% against a 19% target, priced at the market, last changed 31 days ago. Nothing here needs a decision."
20013,"Webcam - National brand, Master carton 48",Consumer Electronics,62.3111,44.8385,51908.22,0.2804,,Medium,no competitive coverage,Maintain,62.3111,0.0,0.0,0.0,0.0,0.0,"Margin 28.0% against a 18% target, priced at the market, last changed 0 days ago. Nothing here needs a decision."
20016,"Gel Pens - National brand, Case 12",Office & Stationery,15.9319,12.257,3785.39,0.2307,124.7,Medium,only 1 competitor observation(s),Maintain,15.9319,0.0,0.0,0.0,0.0,0.0,"At index 125 this sits 25 points over the market, but coming back would need +43.4% volume to stand still and the elasticity implies only +24.1%. Hold the price and defend the premium."
20018,"Mechanical Keyboard - Premium brand, Inner pack 6",Consumer Electronics,75.5476,38.3328,5594.28,0.4926,96.88,Medium,only 2 competitor observation(s),Maintain,75.5476,0.0,0.0,0.0,0.0,0.0,"Margin 49.3% against a 23% target, priced at the market, last changed 120 days ago. Nothing here needs a decision."
20020,"Cutlery Block - Private label, Inner pack 6",Home & Kitchen,49.6894,32.1396,52132.12,0.3532,,Medium,no competitive coverage,Maintain,49.6894,0.0,0.0,0.0,0.0,0.0,"Margin 35.3% against a 34% target, priced at the market, last changed 0 days ago. Nothing here needs a decision."
20022,"Tool Chest - Value, Bulk pallet 144",Tools & Hardware,36.4784,35.3239,32723.68,0.0317,121.76,Medium,only 2 competitor observation(s),Increase,36.4784,0.0,0.0,0.0,0.0,0.0,Raise to $36/unit (+0.0%) because margin 3.2% is under the 9% floor. The rise can afford to lose 0.0% of volume before contribution falls; the fitted elasticity implies losing 0.0%.
20024,"Vacuum Sealer - Value, Case 12",Home & Kitchen,42.3137,34.365,26155.6,0.1879,100.12,Medium,only 1 competitor observation(s),Maintain,42.3137,0.0,0.0,0.0,0.0,0.0,"Margin 18.8% against a 18% target, priced at the market, last changed 31 days ago. Nothing here needs a decision."
20025,"Multivitamin - National brand, Bulk pallet 144",Health & Beauty,19.1121,16.6331,13872.18,0.1297,101.23,High,"elasticity, market and history all present",Maintain,19.1121,0.0,0.0,0.0,0.0,0.0,"Margin 13.0% against a 17% target, priced at the market, last changed 0 days ago. Nothing here needs a decision."
20028,"Cycling Helmet - Premium brand, Inner pack 6",Sporting Goods,50.246,28.5919,8354.08,0.431,109.83,Medium,only 2 competitor observation(s),Maintain,50.246,0.0,0.0,0.0,0.0,0.0,"Margin 43.1% against a 26% target, priced at the market, last changed 1035 days ago. Nothing here needs a decision."
20030,"Cutlery Block - National brand, Master carton 48",Home & Kitchen,28.9484,20.1503,26545.63,0.3039,126.43,Medium,only 1 competitor observation(s),Maintain,28.9484,0.0,0.0,0.0,0.0,0.0,"At index 126 this sits 26 points over the market, but coming back would need +29.9% volume to stand still and the elasticity implies only +18.2%. Hold the price and defend the premium."
20033,"Wireless Earbuds - National brand, Inner pack 6",Consumer Electronics,22.9339,22.2708,59438.91,0.0289,105.07,Medium,only 1 competitor observation(s),Increase,22.9339,0.0,0.0,0.0,0.0,0.0,Raise to $23/unit (+0.0%) because margin 2.9% is under the 10% floor. The rise can afford to lose 0.0% of volume before contribution falls; the fitted elasticity implies losing 0.0%.
20034,"Work Jacket - Private label, Bulk pallet 144",Apparel & Accessories,17.3308,12.1653,11423.64,0.2981,105.72,High,"elasticity, market and history all present",Maintain,17.3308,0.0,0.0,0.0,0.0,0.0,"Margin 29.8% against a 34% target, priced at the market, last changed 0 days ago. Nothing here needs a decision."
20035,"Cycling Helmet - Private label, Bulk pallet 144",Sporting Goods,33.8615,22.1009,4863.41,0.3473,105.83,Medium,only 2 competitor observation(s),Maintain,33.8615,0.0,0.0,0.0,0.0,0.0,"Margin 34.7% against a 32% target, priced at the market, last changed 61 days ago. Nothing here needs a decision."
20036,"Wireless Earbuds - Private label, Case 12",Consumer Electronics,62.3883,47.9896,35931.54,0.2308,101.5,High,"elasticity, market and history all present",Maintain,62.3883,0.0,0.0,0.0,0.0,0.0,"Margin 23.1% against a 32% target, priced at the market, last changed 0 days ago. Nothing here needs a decision."
20037,"Webcam - Value, Each",Consumer Electronics,34.2765,29.9359,7696.41,0.1266,116.39,Medium,only 2 competitor observation(s),Maintain,34.2765,0.0,0.0,0.0,0.0,0.0,"Margin 12.7% against a 16% target, priced at index 116, last changed 0 days ago. Nothing here needs a decision."
20038,"Sunscreen SPF50 - National brand, Case 12",Health & Beauty,24.2565,19.7039,28792.31,0.1877,108.41,Medium,only 2 competitor observation(s),Maintain,24.2565,0.0,0.0,0.0,0.0,0.0,"Margin 18.8% against a 17% target, priced at the market, last changed 61 days ago. Nothing here needs a decision."
20040,"Adjustable Dumbbells - Value, Case 12",Sporting Goods,49.7233,47.4,2247.36,0.0467,106.59,Medium,6 months of history,Increase,49.7233,0.0,0.0,0.0,0.0,0.0,Raise to $50/unit (+0.0%) because margin 4.7% is under the 6% floor. The rise can afford to lose 0.0% of volume before contribution falls; the fitted elasticity implies losing 0.0%.
20042,"Sunscreen SPF50 - Private label, Case 12",Health & Beauty,12.2019,8.7329,4242.67,0.2843,106.42,Medium,only 1 competitor observation(s),Maintain,12.2019,0.0,0.0,0.0,0.0,0.0,"Margin 28.4% against a 34% target, priced at the market, last changed 31 days ago. Nothing here needs a decision."
20043,"Work Gloves - Value, Case 24",Tools & Hardware,19.5318,13.1106,7047.45,0.3288,108.7,High,"elasticity, market and history all present",Maintain,19.5318,0.0,0.0,0.0,0.0,0.0,"Margin 32.9% against a 16% target, priced at the market, last changed 61 days ago. Nothing here needs a decision."
20044,"Safety Boots - Value, Inner pack 6",Apparel & Accessories,14.9639,13.8456,12153.27,0.0747,102.74,High,"elasticity, market and history all present",Maintain,14.9639,0.0,0.0,0.0,0.0,0.0,"Margin 7.5% against a 16% target, priced at the market, last changed 31 days ago. Nothing here needs a decision."
20047,"HDMI Cable - Private label, Each",Consumer Electronics,22.1398,14.8738,18333.45,0.3282,99.54,Low,only 1 competitor observation(s); 5 months of history,Maintain,22.1398,0.0,0.0,0.0,0.0,0.0,"Margin 32.8% against a 33% target, priced at the market, last changed 61 days ago. Nothing here needs a decision."
20048,"HDMI Cable - National brand, Master carton 48",Consumer Electronics,101.0012,84.3286,19831.24,0.1651,99.07,Medium,only 2 competitor observation(s),Maintain,101.0012,0.0,0.0,0.0,0.0,0.0,"Margin 16.5% against a 17% target, priced at the market, last changed 31 days ago. Nothing here needs a decision."
20052,"Fastener Assortment - Value, Case 24",Tools & Hardware,27.5511,19.3803,246224.06,0.2966,118.65,Medium,only 1 competitor observation(s),Maintain,27.5511,0.0,0.0,0.0,0.0,0.0,"At index 119 this sits 19 points over the market, but coming back would need +8.1% volume to stand still and the elasticity implies only +4.3%. Hold the price and defend the premium."
20057,"Mechanical Keyboard - National brand, Case 12",Consumer Electronics,92.3526,73.7087,61320.87,0.2019,,Medium,no competitive coverage,Maintain,92.3526,0.0,0.0,0.0,0.0,0.0,"Margin 20.2% against a 16% target, priced at the market, last changed 0 days ago. Nothing here needs a decision."
20058,"Cotton T-Shirt 5pk - Value, Case 12",Apparel & Accessories,29.5512,25.5391,10699.37,0.1358,105.86,Medium,only 1 competitor observation(s),Increase,29.5512,0.0,0.0,0.0,0.0,0.0,Raise to $30/unit (+0.0%) because no price change in 335 days while cost moved +11.8%. The rise can afford to lose 0.0% of volume before contribution falls; the fitted elasticity implies losing 0.0%.
20061,"Safety Glasses - Premium brand, Each",Tools & Hardware,55.0003,31.7478,4294.48,0.4228,96.48,Medium,only 2 competitor observation(s),Maintain,55.0003,0.0,0.0,0.0,0.0,0.0,"Margin 42.3% against a 24% target, priced at the market, last changed 1004 days ago. Nothing here needs a decision."
20063,"Smart Plug - Value, Inner pack 6",Consumer Electronics,28.6783,21.49,13677.46,0.2507,104.63,High,"elasticity, market and history all present",Maintain,28.6783,0.0,0.0,0.0,0.0,0.0,"Margin 25.1% against a 16% target, priced at the market, last changed 0 days ago. Nothing here needs a decision."
20068,"Backpack - Premium brand, Master carton 48",Apparel & Accessories,32.074,19.883,9256.74,0.3801,,Medium,no competitive coverage,Maintain,32.074,0.0,0.0,0.0,0.0,0.0,"Margin 38.0% against a 27% target, priced at the market, last changed 92 days ago. Nothing here needs a decision."
20069,"Cordless Drill - National brand, Inner pack 6",Tools & Hardware,11.5803,11.3463,3856.13,0.0202,103.12,Medium,only 2 competitor observation(s),Increase,11.5803,0.0,0.0,0.0,0.0,0.0,Raise to $12/unit (+0.0%) because margin 2.0% is under the 10% floor. The rise can afford to lose 0.0% of volume before contribution falls; the fitted elasticity implies losing 0.0%.
20071,"Copy Paper - Private label, Case 24",Office & Stationery,15.3564,10.4138,21621.84,0.3219,99.04,Medium,only 1 competitor observation(s),Maintain,15.3564,0.0,0.0,0.0,0.0,0.0,"Margin 32.2% against a 34% target, priced at the market, last changed 61 days ago. Nothing here needs a decision."
20072,"Dry-Erase Board - National brand, Case 12",Office & Stationery,16.929,13.2698,10600.52,0.2161,96.41,Medium,only 2 competitor observation(s),Maintain,16.929,0.0,0.0,0.0,0.0,0.0,"Margin 21.6% against a 20% target, priced at the market, last changed 999 days ago. Nothing here needs a decision."
20076,"Bedding Set - Premium brand, Each",Home & Kitchen,25.3681,12.8024,8028.81,0.4953,115.86,Medium,only 1 competitor observation(s),Maintain,25.3681,0.0,0.0,0.0,0.0,0.0,"Margin 49.5% against a 27% target, priced at the market, last changed 999 days ago. Nothing here needs a decision."
20081,"27in Monitor - Private label, Bulk pallet 144",Consumer Electronics,37.8034,23.0933,13744.51,0.3891,106.41,High,"elasticity, market and history all present",Maintain,37.8034,0.0,0.0,0.0,0.0,0.0,"Margin 38.9% against a 32% target, priced at the market, last changed 92 days ago. Nothing here needs a decision."
20082,"Smart Plug - Private label, Master carton 48",Consumer Electronics,54.8309,29.7807,10909.55,0.4569,108.45,Medium,only 2 competitor observation(s),Maintain,54.8309,0.0,0.0,0.0,0.0,0.0,"Margin 45.7% against a 34% target, priced at the market, last changed 31 days ago. Nothing here needs a decision."
20084,"Blender - Private label, Case 24",Home & Kitchen,17.7276,9.0785,45126.62,0.4879,101.65,Medium,only 2 competitor observation(s),Maintain,17.7276,0.0,0.0,0.0,0.0,0.0,"Margin 48.8% against a 33% target, priced at the market, last changed 61 days ago. Nothing here needs a decision."
20086,"Hair Dryer - Private label, Bulk pallet 144",Health & Beauty,14.7739,8.3626,9294.23,0.434,,Medium,no competitive coverage,Maintain,14.7739,0.0,0.0,0.0,0.0,0.0,"Margin 43.4% against a 36% target, priced at the market, last changed 1004 days ago. Nothing here needs a decision."
20088,"Safety Glasses - Private label, Master carton 48",Tools & Hardware,37.0615,24.0721,3700.12,0.3505,,Medium,no competitive coverage,Maintain,37.0615,0.0,0.0,0.0,0.0,0.0,"Margin 35.0% against a 34% target, priced at the market, last changed 120 days ago. Nothing here needs a decision."
20089,"Bedding Set - Value, Master carton 48",Home & Kitchen,78.1968,51.8781,11558.57,0.3366,111.01,Medium,only 2 competitor observation(s),Maintain,78.1968,0.0,0.0,0.0,0.0,0.0,"Margin 33.7% against a 18% target, priced at the market, last changed 0 days ago. Nothing here needs a decision."
20093,"Resistance Bands - Value, Bulk pallet 144",Sporting Goods,67.6225,50.7449,23753.27,0.2496,,Medium,no competitive coverage,Maintain,67.6225,0.0,0.0,0.0,0.0,0.0,"Margin 25.0% against a 15% target, priced at the market, last changed 61 days ago. Nothing here needs a decision."
20095,"Bedding Set - Value, Inner pack 6",Home & Kitchen,24.8639,17.4157,10364.44,0.2996,,Medium,no competitive coverage,Maintain,24.8639,0.0,0.0,0.0,0.0,0.0,"Margin 30.0% against a 17% target, priced at the market, last changed 61 days ago. Nothing here needs a decision."
20097,"Electric Toothbrush - National brand, Master carton 48",Health & Beauty,17.461,10.1785,4522.19,0.4171,104.15,High,"elasticity, market and history all present",Maintain,17.461,0.0,0.0,0.0,0.0,0.0,"Margin 41.7% against a 16% target, priced at the market, last changed 0 days ago. Nothing here needs a decision."
20102,"Body Wash - Private label, Inner pack 6",Health & Beauty,12.5949,7.251,886.94,0.4243,127.78,Medium,2 months of history,Maintain,12.5949,0.0,0.0,0.0,0.0,0.0,"Margin 42.4% against a 34% target, priced at index 128, last changed 31 days ago. Nothing here needs a decision."
20105,"Filing Boxes - Premium brand, Master carton 48",Office & Stationery,16.8836,12.2842,26458.35,0.2724,113.09,Medium,only 2 competitor observation(s),Maintain,16.8836,0.0,0.0,0.0,0.0,0.0,"Margin 27.2% against a 28% target, priced at the market, last changed 61 days ago. Nothing here needs a decision."
20109,"Adjustable Dumbbells - Private label, Master carton 48",Sporting Goods,42.7394,32.7914,86647.84,0.2328,101.7,Medium,only 2 competitor observation(s),Increase,42.7394,0.0,0.0,0.0,0.0,0.0,Raise to $43/unit (+0.0%) because margin 23.3% is under the 24% floor. The rise can afford to lose 0.0% of volume before contribution falls; the fitted elasticity implies losing 0.0%.
20111,"Vacuum Sealer - Value, Bulk pallet 144",Home & Kitchen,18.6656,17.6008,6335.13,0.057,109.83,Medium,only 1 competitor observation(s),Increase,18.6656,0.0,0.0,0.0,0.0,0.0,Raise to $19/unit (+0.0%) because margin 5.7% is under the 8% floor. The rise can afford to lose 0.0% of volume before contribution falls; the fitted elasticity implies losing 0.0%.
20113,"Electric Toothbrush - National brand, Case 24",Health & Beauty,22.4602,19.3846,9847.49,0.1369,137.98,Medium,only 1 competitor observation(s),Maintain,22.4602,0.0,0.0,0.0,0.0,0.0,"Margin 13.7% against a 19% target, priced at index 138, last changed 61 days ago. Nothing here needs a decision."
20114,"Pet Bed - Private label, Case 12",Pet Supplies,23.5018,19.5183,2237.38,0.1695,114.62,Medium,only 1 competitor observation(s),Increase,23.5018,0.0,0.0,0.0,0.0,0.0,Raise to $24/unit (+0.0%) because margin 17.0% is under the 22% floor. The rise can afford to lose 0.0% of volume before contribution falls; the fitted elasticity implies losing 0.0%.
20118,"Cycling Helmet - Value, Case 12",Sporting Goods,55.3071,43.2397,4409.12,0.2182,,Medium,no competitive coverage,Maintain,55.3071,0.0,0.0,0.0,0.0,0.0,"Margin 21.8% against a 17% target, priced at the market, last changed 92 days ago. Nothing here needs a decision."
20121,"Bluetooth Speaker - Value, Bulk pallet 144",Consumer Electronics,21.4002,17.3143,5664.23,0.1909,112.68,Medium,only 1 competitor observation(s),Maintain,21.4002,0.0,0.0,0.0,0.0,0.0,"Margin 19.1% against a 16% target, priced at the market, last changed 0 days ago. Nothing here needs a decision."
20129,"Nonstick Cookware Set - Premium brand, Each",Home & Kitchen,42.9336,28.1163,8403.19,0.3451,110.2,Medium,only 1 competitor observation(s),Maintain,42.9336,0.0,0.0,0.0,0.0,0.0,"Margin 34.5% against a 25% target, priced at the market, last changed 0 days ago. Nothing here needs a decision."
20131,"Desk Organiser - Private label, Bulk pallet 144",Office & Stationery,4.5153,4.6854,442.46,-0.0377,106.32,Low,only 2 competitor observation(s); 3 months of history,Increase,4.5153,0.0,0.0,0.0,0.0,0.0,Raise to $5/unit (+0.0%) because margin -3.8% is under the 26% floor. The rise can afford to lose inf% of volume before contribution falls; the fitted elasticity implies losing 0.0%.
20132,"HDMI Cable - National brand, Bulk pallet 144",Consumer Electronics,26.5765,24.5853,10043.9,0.0749,96.0,High,"elasticity, market and history all present",Increase,26.5765,0.0,0.0,0.0,0.0,0.0,Raise to $27/unit (+0.0%) because margin 7.5% is under the 9% floor. The rise can afford to lose 0.0% of volume before contribution falls; the fitted elasticity implies losing 0.0%.
20134,"Power Bank - Private label, Case 24",Consumer Electronics,42.3023,22.2567,14113.11,0.4739,100.01,Medium,only 1 competitor observation(s),Maintain,42.3023,0.0,0.0,0.0,0.0,0.0,"Margin 47.4% against a 35% target, priced at the market, last changed 31 days ago. Nothing here needs a decision."
20139,"Vacuum Sealer - Value, Each",Home & Kitchen,39.2504,28.1793,2617.45,0.2821,,Medium,no competitive coverage,Maintain,39.2504,0.0,0.0,0.0,0.0,0.0,"Margin 28.2% against a 15% target, priced at the market, last changed 61 days ago. Nothing here needs a decision."
20140,"Work Gloves - National brand, Case 24",Tools & Hardware,45.0834,35.6901,94204.38,0.2084,114.18,Medium,only 1 competitor observation(s),Maintain,45.0834,0.0,0.0,0.0,0.0,0.0,"Margin 20.8% against a 19% target, priced at the market, last changed 1035 days ago. Nothing here needs a decision."
20142,"Work Gloves - Private label, Each",Tools & Hardware,41.2264,26.6167,4524.52,0.3544,98.73,Medium,only 1 competitor observation(s),Maintain,41.2264,0.0,0.0,0.0,0.0,0.0,"Margin 35.4% against a 33% target, priced at the market, last changed 92 days ago. Nothing here needs a decision."
20148,"Gel Pens - Value, Case 24",Office & Stationery,3.8624,3.9165,10979.87,-0.014,124.07,Medium,only 2 competitor observation(s),Increase,3.8624,0.0,0.0,0.0,0.0,0.0,Raise to $4/unit (+0.0%) because margin -1.4% is under the 8% floor. The rise can afford to lose inf% of volume before contribution falls; the fitted elasticity implies losing 0.0%.
20150,"Work Jacket - Value, Inner pack 6",Apparel & Accessories,22.2719,18.0502,39558.19,0.1896,112.88,Medium,only 2 competitor observation(s),Maintain,22.2719,0.0,0.0,0.0,0.0,0.0,"Margin 19.0% against a 16% target, priced at the market, last changed 61 days ago. Nothing here needs a decision."
20151,"Cooler Box - Private label, Master carton 48",Sporting Goods,46.146,27.8762,30481.19,0.3959,107.79,Medium,only 1 competitor observation(s),Maintain,46.146,0.0,0.0,0.0,0.0,0.0,"Margin 39.6% against a 33% target, priced at the market, last changed 0 days ago. Nothing here needs a decision."
20152,"Cotton T-Shirt 5pk - National brand, Case 12",Apparel & Accessories,32.1781,26.571,68734.13,0.1743,102.68,Medium,only 1 competitor observation(s),Maintain,32.1781,0.0,0.0,0.0,0.0,0.0,"Margin 17.4% against a 19% target, priced at the market, last changed 92 days ago. Nothing here needs a decision."
20153,"Body Wash - National brand, Each",Health & Beauty,18.8962,18.4888,29831.7,0.0216,117.81,Medium,only 1 competitor observation(s),Increase,18.8962,0.0,0.0,0.0,0.0,0.0,Raise to $19/unit (+0.0%) because margin 2.2% is under the 10% floor. The rise can afford to lose 0.0% of volume before contribution falls; the fitted elasticity implies losing 0.0%.
20159,"Gel Pens - Private label, Inner pack 6",Office & Stationery,9.7791,8.9046,7267.57,0.0894,111.94,Medium,only 1 competitor observation(s),Increase,9.7791,0.0,0.0,0.0,0.0,0.0,"Raise to $10/unit (+0.0%) because margin 8.9% is under the 24% floor, and no price change in 1035 days while cost moved +28.4%. The rise can afford to lose 0.0% of volume before contribution falls; the fitted elasticity implies losing 0.0%."
20161,"LED Floor Lamp - National brand, Case 12",Home & Kitchen,45.6214,40.3523,6116.84,0.1155,113.78,Medium,only 2 competitor observation(s),Maintain,45.6214,0.0,0.0,0.0,0.0,0.0,"Margin 11.6% against a 16% target, priced at the market, last changed 31 days ago. Nothing here needs a decision."
20163,"Storage Bins - Value, Bulk pallet 144",Home & Kitchen,10.095,9.8548,9289.55,0.0238,103.57,Medium,only 1 competitor observation(s),Increase,10.095,0.0,0.0,0.0,0.0,0.0,Raise to $10/unit (+0.0%) because margin 2.4% is under the 10% floor. The rise can afford to lose 0.0% of volume before contribution falls; the fitted elasticity implies losing 0.0%.
20164,"27in Monitor - Value, Inner pack 6",Consumer Electronics,59.2538,53.8266,157491.17,0.0916,121.22,Medium,only 1 competitor observation(s),Maintain,59.2538,0.0,0.0,0.0,0.0,0.0,"Margin 9.2% against a 15% target, priced at index 121, last changed 0 days ago. Nothing here needs a decision."
20165,"Wireless Earbuds - National brand, Each",Consumer Electronics,33.227,27.4756,172536.68,0.1731,101.51,High,"elasticity, market and history all present",Maintain,33.227,0.0,0.0,0.0,0.0,0.0,"Margin 17.3% against a 19% target, priced at the market, last changed 61 days ago. Nothing here needs a decision."
20167,"Pet Bed - Private label, Bulk pallet 144",Pet Supplies,15.3814,11.6334,3216.69,0.2437,102.14,Medium,only 2 competitor observation(s),Increase,15.3814,0.0,0.0,0.0,0.0,0.0,Raise to $15/unit (+0.0%) because margin 24.4% is under the 26% floor. The rise can afford to lose 0.0% of volume before contribution falls; the fitted elasticity implies losing 0.0%.
20168,"Vacuum Sealer - Premium brand, Inner pack 6",Home & Kitchen,104.0666,80.5099,15890.19,0.2264,98.14,High,"elasticity, market and history all present",Increase,104.0666,0.0,0.0,0.0,0.0,0.0,Raise to $104/unit (+0.0%) because no price change in 1004 days while cost moved +24.1%. The rise can afford to lose 0.0% of volume before contribution falls; the fitted elasticity implies losing 0.0%.
20169,"Grooming Kit - Premium brand, Case 12",Pet Supplies,19.2658,15.005,49340.14,0.2212,97.16,Medium,only 1 competitor observation(s),Maintain,19.2658,0.0,0.0,0.0,0.0,0.0,"Margin 22.1% against a 25% target, priced at the market, last changed 61 days ago. Nothing here needs a decision."
20170,"Safety Glasses - Premium brand, Case 24",Tools & Hardware,34.3921,15.7654,9101.25,0.5416,104.04,Medium,only 1 competitor observation(s),Maintain,34.3921,0.0,0.0,0.0,0.0,0.0,"Margin 54.2% against a 27% target, priced at the market, last changed 0 days ago. Nothing here needs a decision."
20171,"Body Wash - Value, Each",Health & Beauty,13.7408,13.4056,4884.63,0.0244,105.46,Medium,only 2 competitor observation(s),Increase,13.7408,0.0,0.0,0.0,0.0,0.0,Raise to $14/unit (+0.0%) because margin 2.4% is under the 7% floor. The rise can afford to lose 0.0% of volume before contribution falls; the fitted elasticity implies losing 0.0%.
20179,"Bluetooth Speaker - Value, Each",Consumer Electronics,94.4771,71.3068,6874.14,0.2452,98.79,Medium,only 2 competitor observation(s),Maintain,94.4771,0.0,0.0,0.0,0.0,0.0,"Margin 24.5% against a 15% target, priced at the market, last changed 120 days ago. Nothing here needs a decision."
20180,"Toner Cartridge - National brand, Inner pack 6",Office & Stationery,13.3334,11.7912,18810.6,0.1157,118.85,High,"elasticity, market and history all present",Maintain,13.3334,0.0,0.0,0.0,0.0,0.0,"Margin 11.6% against a 18% target, priced at index 119, last changed 61 days ago. Nothing here needs a decision."
20181,"Yoga Mat - National brand, Bulk pallet 144",Sporting Goods,26.4142,22.1001,3130.06,0.1633,112.02,Medium,only 1 competitor observation(s),Maintain,26.4142,0.0,0.0,0.0,0.0,0.0,"Margin 16.3% against a 19% target, priced at the market, last changed 31 days ago. Nothing here needs a decision."
20183,"Adjustable Dumbbells - National brand, Case 12",Sporting Goods,44.8752,39.0555,29165.83,0.1297,,Medium,no competitive coverage,Maintain,44.8752,0.0,0.0,0.0,0.0,0.0,"Margin 13.0% against a 16% target, priced at the market, last changed 61 days ago. Nothing here needs a decision."
20186,"Laser Measure - National brand, Case 24",Tools & Hardware,42.2386,29.0075,7307.0,0.3132,105.73,Medium,only 1 competitor observation(s),Maintain,42.2386,0.0,0.0,0.0,0.0,0.0,"Margin 31.3% against a 19% target, priced at the market, last changed 120 days ago. Nothing here needs a decision."
20187,"Blender - Value, Case 12",Home & Kitchen,24.711,15.4539,15944.39,0.3746,100.03,Medium,only 2 competitor observation(s),Maintain,24.711,0.0,0.0,0.0,0.0,0.0,"Margin 37.5% against a 17% target, priced at the market, last changed 0 days ago. Nothing here needs a decision."
20188,"Multivitamin - National brand, Case 24",Health & Beauty,19.3749,15.6844,3343.28,0.1905,103.27,Medium,only 1 competitor observation(s),Maintain,19.3749,0.0,0.0,0.0,0.0,0.0,"Margin 19.1% against a 17% target, priced at the market, last changed 92 days ago. Nothing here needs a decision."
20194,"Cotton T-Shirt 5pk - Value, Inner pack 6",Apparel & Accessories,30.06,24.1034,5865.73,0.1982,98.73,Medium,only 2 competitor observation(s),Maintain,30.06,0.0,0.0,0.0,0.0,0.0,"Margin 19.8% against a 17% target, priced at the market, last changed 120 days ago. Nothing here needs a decision."
20198,"Nonstick Cookware Set - National brand, Bulk pallet 144",Home & Kitchen,34.114,23.1989,24129.03,0.32,,Medium,no competitive coverage,Maintain,34.114,0.0,0.0,0.0,0.0,0.0,"Margin 32.0% against a 20% target, priced at the market, last changed 61 days ago. Nothing here needs a decision."
20199,"Blender - National brand, Master carton 48",Home & Kitchen,23.4122,21.5107,25863.84,0.0812,117.86,High,"elasticity, market and history all present",Increase,23.4122,0.0,0.0,0.0,0.0,0.0,Raise to $23/unit (+0.0%) because margin 8.1% is under the 11% floor. The rise can afford to lose 0.0% of volume before contribution falls; the fitted elasticity implies losing 0.0%.
20200,"Resistance Bands - National brand, Bulk pallet 144",Sporting Goods,40.3956,32.953,6848.34,0.1842,109.45,Medium,only 2 competitor observation(s),Maintain,40.3956,0.0,0.0,0.0,0.0,0.0,"Margin 18.4% against a 19% target, priced at the market, last changed 31 days ago. Nothing here needs a decision."
20201,"Bluetooth Speaker - National brand, Case 12",Consumer Electronics,81.5669,58.0777,13466.51,0.288,102.48,Medium,only 2 competitor observation(s),Maintain,81.5669,0.0,0.0,0.0,0.0,0.0,"Margin 28.8% against a 19% target, priced at the market, last changed 31 days ago. Nothing here needs a decision."
20202,"Cooler Box - Premium brand, Case 24",Sporting Goods,81.2512,54.7046,52278.19,0.3267,122.27,Medium,only 1 competitor observation(s),Maintain,81.2512,0.0,0.0,0.0,0.0,0.0,"Margin 32.7% against a 28% target, priced at index 122, last changed 999 days ago. Nothing here needs a decision."
20208,"Safety Glasses - Premium brand, Bulk pallet 144",Tools & Hardware,49.5689,30.4088,15626.92,0.3865,102.96,Medium,only 2 competitor observation(s),Maintain,49.5689,0.0,0.0,0.0,0.0,0.0,"Margin 38.6% against a 27% target, priced at the market, last changed 61 days ago. Nothing here needs a decision."
20214,"Vitamin C Serum - Premium brand, Case 24",Health & Beauty,11.9739,8.0722,80683.9,0.3259,100.31,High,"elasticity, market and history all present",Maintain,11.9739,0.0,0.0,0.0,0.0,0.0,"Margin 32.6% against a 25% target, priced at the market, last changed 0 days ago. Nothing here needs a decision."
20215,"Body Wash - Premium brand, Bulk pallet 144",Health & Beauty,11.4543,7.4521,11864.15,0.3494,,Medium,no competitive coverage,Maintain,11.4543,0.0,0.0,0.0,0.0,0.0,"Margin 34.9% against a 28% target, priced at the market, last changed 61 days ago. Nothing here needs a decision."
20217,"Work Gloves - National brand, Each",Tools & Hardware,16.4694,14.8453,37607.11,0.0986,114.07,Medium,only 1 competitor observation(s),Increase,16.4694,0.0,0.0,0.0,0.0,0.0,Raise to $16/unit (+0.0%) because margin 9.9% is under the 11% floor. The rise can afford to lose 0.0% of volume before contribution falls; the fitted elasticity implies losing 0.0%.
20218,"Desk Organiser - Private label, Case 12",Office & Stationery,12.8266,10.1246,22864.06,0.2107,99.11,Medium,only 1 competitor observation(s),Increase,12.8266,0.0,0.0,0.0,0.0,0.0,Raise to $13/unit (+0.0%) because margin 21.1% is under the 26% floor. The rise can afford to lose 0.0% of volume before contribution falls; the fitted elasticity implies losing 0.0%.
20219,"Laser Measure - Value, Case 12",Tools & Hardware,8.623,8.0447,11114.06,0.0671,107.87,High,"elasticity, market and history all present",Increase,8.623,0.0,0.0,0.0,0.0,0.0,Raise to $9/unit (+0.0%) because margin 6.7% is under the 7% floor. The rise can afford to lose 0.0% of volume before contribution falls; the fitted elasticity implies losing 0.0%.
20224,"Chew Toy Pack - National brand, Case 24",Pet Supplies,12.4306,12.9376,45035.71,-0.0408,101.93,High,"elasticity, market and history all present",Increase,12.4306,0.0,0.0,0.0,0.0,0.0,Raise to $12/unit (+0.0%) because margin -4.1% is under the 8% floor. The rise can afford to lose inf% of volume before contribution falls; the fitted elasticity implies losing 0.0%.
20225,"Air Fryer - Private label, Case 24",Home & Kitchen,34.5639,21.7956,63145.71,0.3694,,Medium,no competitive coverage,Maintain,34.5639,0.0,0.0,0.0,0.0,0.0,"Margin 36.9% against a 33% target, priced at the market, last changed 0 days ago. Nothing here needs a decision."
20226,"Mechanical Keyboard - National brand, Each",Consumer Electronics,36.1858,15.5562,70339.66,0.5701,98.9,Medium,only 1 competitor observation(s),Maintain,36.1858,0.0,0.0,0.0,0.0,0.0,"Margin 57.0% against a 20% target, priced at the market, last changed 31 days ago. Nothing here needs a decision."
20230,"Camping Tent - Value, Each",Sporting Goods,61.3003,58.0064,19367.21,0.0537,98.93,Medium,only 1 competitor observation(s),Increase,61.3003,0.0,0.0,0.0,0.0,0.0,Raise to $61/unit (+0.0%) because margin 5.4% is under the 7% floor. The rise can afford to lose 0.0% of volume before contribution falls; the fitted elasticity implies losing 0.0%.
20236,"Cooler Box - National brand, Case 12",Sporting Goods,97.9242,65.991,14612.68,0.3261,102.16,Medium,only 2 competitor observation(s),Maintain,97.9242,0.0,0.0,0.0,0.0,0.0,"Margin 32.6% against a 16% target, priced at the market, last changed 31 days ago. Nothing here needs a decision."
20237,"Nonstick Cookware Set - Value, Each",Home & Kitchen,22.2667,15.1607,31259.74,0.3191,116.56,Medium,only 1 competitor observation(s),Maintain,22.2667,0.0,0.0,0.0,0.0,0.0,"At index 117 this sits 17 points over the market, but coming back would need +1.5% volume to stand still and the elasticity implies only +0.8%. Hold the price and defend the premium."
20238,"Vitamin C Serum - Private label, Each",Health & Beauty,8.1431,6.2917,3179.83,0.2274,110.47,Medium,only 1 competitor observation(s),Increase,8.1431,0.0,0.0,0.0,0.0,0.0,Raise to $8/unit (+0.0%) because margin 22.7% is under the 27% floor. The rise can afford to lose 0.0% of volume before contribution falls; the fitted elasticity implies losing 0.0%.
