dimension,member,volume_units,list_value,pocket_revenue,cogs,cost_to_serve,lines,products,customers,gross_margin,gross_margin_pct,leakage_pct,price_unit,revenue_share
brand_tier,National brand,1890362.630000002,77805309.25000012,63568937.859999985,49130333.680000186,1633183.1204629974,5845,81,145,14438604.179999799,0.22713300970669706,0.18297429220744488,33.62790654616354,0.346951770928085
brand_tier,Premium brand,983157.6599999997,45641684.95999994,37412230.18999998,26550072.739999976,768824.578254001,2749,34,118,10862157.450000007,0.29033707412886023,0.18030567401734177,38.05313401108017,0.20419154316179514
brand_tier,Private label,1081124.329999998,38942126.899999976,31716683.879999965,21301738.12999997,822545.5321490003,3881,59,141,10414945.749999996,0.32837435935625964,0.18554310191002987,29.336758964623453,0.17310592264994368
brand_tier,Value,1607659.8899999983,61707958.69000007,50523400.09000009,40922209.50999996,1205676.6938280012,4924,66,142,9601190.580000132,0.1900345297999938,0.18124985556867024,31.42667202451642,0.2757507632601761
category,Apparel & Accessories,259436.25000000006,10160434.959999995,8531341.760000005,6449591.400000002,257961.16348099994,1231,17,81,2081750.3600000031,0.24401206967941252,0.16033695470848142,32.88415462372742,0.046563057865518474
category,Consumer Electronics,1255194.0899999975,69956986.48000003,57720287.69000007,43225146.81999996,1176897.5409920008,3106,42,118,14495140.87000011,0.2511273150239576,0.17491746579876344,45.98514934849652,0.3150305275923966
category,Health & Beauty,776317.6899999988,14995652.899999991,11966484.999999981,8985465.379999995,502752.7316709999,2697,34,109,2981019.619999986,0.24911405646687318,0.20200306850260663,15.414417517653115,0.06531166482092234
category,Home & Kitchen,945879.79,37046379.89000001,29992971.41000002,22041046.39999998,751754.3691710006,3021,45,120,7951925.010000039,0.2651262824645901,0.19039400073484447,31.709073105367878,0.16369810313667135
category,Office & Stationery,330753.73,5656024.340000006,4587694.4200000055,3587232.0000000037,219897.79612700007,1713,25,88,1000462.4200000018,0.2180752091156064,0.1888835435952172,13.870423834676046,0.02503909546202218
category,Pet Supplies,494390.67000000004,15843187.16999999,12826960.879999988,9375261.120000001,367342.118067,1684,22,92,3451699.7599999867,0.2690972391895211,0.19038001998180043,25.944989779034437,0.07000804076265031
category,Sporting Goods,789843.8600000001,41875795.27999995,34520024.829999976,26590025.219999988,638765.0784349997,2229,29,108,7929999.609999988,0.2297217238125606,0.175656853817726,43.70487203635408,0.1884062271675332
category,Tools & Hardware,710488.4299999988,28562618.779999956,23075486.02999997,17650585.71999997,514859.12675000075,1718,26,91,5424900.310000002,0.23509365319314182,0.19210888162125284,32.47834173738763,0.12594328319228548
channel,B2B Direct,1436951.5900000003,59054108.26000004,48188119.32000003,36809874.139999986,870704.9915930007,3739,204,29,11378245.180000044,0.2361213788909502,0.1840005591509376,33.5349636378495,0.2630050760418335
channel,Marketplace,2273057.8599999947,93995395.79999979,76604205.65999994,58448947.769999966,1872853.1665679961,6576,231,55,18155257.88999997,0.23700079824050727,0.1850217235853151,33.70094840436667,0.4180967263101008
channel,Retail,1144184.5099999977,41696614.58000002,33934846.13000001,25562542.03000005,1151400.411770001,4303,219,42,8372304.0999999605,0.24671701966547147,0.18614864847380153,29.658543559552367,0.18521239078911964
channel,Wholesale,708110.5500000003,29350961.159999967,24494080.91000001,17082990.120000005,535271.3547629998,2781,188,24,7411090.790000007,0.30256660036483907,0.16547602047932253,34.59075833568643,0.13368580685894613
region,Midwest,1482431.4500000007,59481775.410000026,48337493.95999997,36479946.73999996,769309.8863849993,2955,194,24,11857547.220000014,0.24530744663371085,0.18735623429502557,32.60689994130922,0.2638203452224176
region,Northeast,788326.9599999987,32630071.790000003,26531997.929999962,20394715.170000024,1041794.4125649997,2841,187,25,6137282.759999938,0.23131626861241605,0.1868850886766633,33.65608342254337,0.14480851777556783
region,Southeast,1288466.8800000013,54055687.37000005,43921727.8,32986613.15000001,1254474.5172350018,3763,203,31,10935114.649999987,0.2489682259266674,0.1874725873086246,34.088363839045634,0.23971961394088503
region,Southwest,441467.68999999954,19100025.969999954,15493366.459999982,11560262.12999998,346775.6361580004,2151,163,23,3933104.330000002,0.25385730984639776,0.18883008408809931,35.0951311068767,0.0845609681692862
region,West,1561611.5300000026,58829519.260000035,48936665.87000007,36482816.86999999,1017875.4723510032,5689,227,47,12453849.000000082,0.2544891193258578,0.16816138419010362,31.337285188973976,0.26709055489184336
salesperson,Alix Fontaine,462449.1,19659803.46999998,15971307.149999991,12040728.079999987,341480.0452530001,1974,152,19,3930579.070000004,0.24610252830808568,0.1876161338860013,34.536356866085356,0.08716951212764668
salesperson,Bea Okonkwo,706413.7500000007,29520855.44000001,23737932.850000016,18442487.42999998,561831.6405739996,1817,144,15,5295445.420000035,0.22307946751142788,0.19589278507709773,33.60344111365328,0.12955883986323186
salesperson,Dana Whitfield,737641.3099999989,25745048.80999989,21966846.69999996,15618794.13,482554.36698899907,2975,198,25,6348052.569999957,0.28898333277848065,0.14675451337782675,29.77984882652517,0.11989246038773994
salesperson,Hollis Marchetti,786374.8699999992,30556961.720000003,24924062.43,18344907.750000004,710496.944707,1886,153,15,6579154.679999996,0.26396799071089455,0.1843409479520729,31.694886727496804,0.13603259531967044
salesperson,Jonah Stavrides,497695.66000000015,23598138.380000003,19092545.129999988,14503878.039999994,258269.3555200002,927,91,6,4588667.089999994,0.24033815600570993,0.1909300292017363,38.36188792564513,0.10420486116924853
salesperson,Marcus Oyelaran,190651.93000000008,8123507.589999999,6962910.470000001,5268343.7799999975,137814.16195099996,838,84,9,1694566.6900000032,0.24337045511372243,0.14286896480883304,36.52158396718039,0.0380027447320355
salesperson,Nikita Petrenko,408144.13000000024,16866650.59999999,13510475.920000002,10105057.23,544772.7620029992,1666,146,14,3405418.6900000013,0.2520576410605083,0.1989828780825038,33.10221788562779,0.0737385852953632
salesperson,Priya Raghunathan,560421.6199999995,21399761.180000015,16896626.419999998,12947261.399999987,339236.3935259997,1826,148,14,3949365.0200000107,0.23373689645675502,0.21042920629453554,30.149847573689275,0.09221979564988242
salesperson,Rowan Achterberg,66816.21000000004,3680121.6300000013,3365121.0000000005,2362513.310000001,68947.39233200002,476,52,5,1002607.6899999995,0.29794105174821334,0.08559516822274182,50.36384134927735,0.018366433821949177
salesperson,Simone Delacroix,558667.8200000006,19365965.930000022,15784408.439999996,11990836.75,327107.69246199983,1245,115,12,3793571.6899999958,0.24033664007239772,0.18494081332921264,28.253656063454624,0.08614944099539835
salesperson,Tom Beauchemin,41751.27999999999,1684888.0500000033,1529791.1999999997,998846.4399999995,31552.172406000012,381,43,5,530944.7600000002,0.3470700838127454,0.09205172414867757,36.64058203724532,0.008349420076187516
salesperson,Yusuf Kandemir,545276.8300000001,23895377.000000015,19479224.309999976,15280699.720000003,626166.996971,1388,124,11,4198524.589999974,0.21553859246051152,0.18481201154516358,35.723550384489975,0.1063153105616464
segment,Corporate & B2B Buyer,879171.3,34946446.83000001,28700139.27999998,21842978.010000005,568397.5631670002,2397,174,20,6857161.2699999735,0.23892432030037097,0.17873941749745637,32.64453614443508,0.15664197773775262
segment,E-commerce Pure-Play,812528.8699999984,33768099.94999997,27190966.01,20783520.98,645820.0823919983,1535,140,13,6407445.030000001,0.23564609759151403,0.19477358660210842,33.46461524499438,0.14840508789358084
segment,Government & Education,557780.2900000002,24107661.42999999,19487980.04,14966896.129999993,302307.4284260002,1342,124,9,4521083.910000006,0.23199345959510773,0.1916271059063066,34.938452271233885,0.10636309830408076
segment,Independent Retailer,695072.9,25321828.14999994,21045002.149999924,15878772.849999994,743171.105647001,2807,180,29,5166229.29999993,0.24548485493977243,0.1688987846637774,30.27740277314786,0.11486114147775128
segment,Marketplace Seller,1460528.9899999993,60227295.850000106,49413239.64999996,37665426.789999954,1227033.0841760018,5041,222,42,11747812.860000007,0.23774625876002478,0.17955407174403504,33.832426462140944,0.26969163841652044
segment,Regional Retail Chain,449111.6099999995,16374786.430000007,12889843.979999997,9683769.179999996,408229.3061229993,1496,140,13,3206074.8000000007,0.24872875148640872,0.21282368871787527,28.700758771299657,0.070351249311368
segment,Sub-Distributor,571672.9400000002,23893214.849999998,19719885.799999997,13673105.159999996,380283.71029199974,1849,156,14,6046780.640000001,0.3066336540346497,0.17466586544338558,34.495048514977796,0.10762881261092702
segment,Subscription Box Operator,136437.60999999993,5457746.310000004,4774195.110000007,3409884.9600000028,154987.64447100012,932,91,10,1364310.150000004,0.285767573081026,0.12524422374626587,34.99178203136224,0.02605699424801917
