product_id,description,category,pocket_revenue,gross_margin,gross_margin_pct,margin_rank,rank_in_category,running_margin_share,running_product_share
20052,"Fastener Assortment - Value, Case 24",Tools & Hardware,6783737.379999998,2011840.4799999958,0.29656815517820007,1,1,0.04439492927728179,0.004166666666666667
20226,"Mechanical Keyboard - National brand, Each",Consumer Electronics,2545298.55,1451082.9699999997,0.5701032478095742,2,1,0.07641572141713282,0.008333333333333333
20202,"Cooler Box - Premium brand, Case 24",Sporting Goods,4247664.640000001,1387809.600000001,0.3267229684121204,3,1,0.10704027125337677,0.0125
20090,"Pet Bed - National brand, Bulk pallet 144",Pet Supplies,3503035.580000001,1330875.7600000012,0.379920708655777,4,1,0.13640847207715623,0.016666666666666666
20053,"Power Bank - Value, Bulk pallet 144",Consumer Electronics,2899984.3699999996,1257752.4999999995,0.4337100961685527,5,2,0.16416307481078074,0.020833333333333332
20057,"Mechanical Keyboard - National brand, Case 12",Consumer Electronics,5663144.139999999,1143265.2199999979,0.2018781778702878,6,3,0.18939130691548323,0.025
20092,"Yoga Mat - Premium brand, Each",Sporting Goods,8804177.08,1081698.4699999988,0.12286196201769249,7,2,0.21326095639932002,0.029166666666666667
20204,"Adjustable Dumbbells - Premium brand, Bulk pallet 144",Sporting Goods,2659340.4499999997,1044241.0199999998,0.3926691747948255,8,3,0.23630403893603122,0.03333333333333333
20165,"Wireless Earbuds - National brand, Each",Consumer Electronics,5732871.890000001,992328.5099999998,0.17309448545866593,9,4,0.25820157726435855,0.0375
20235,"Wireless Earbuds - Value, Case 12",Consumer Electronics,3250682.5099999993,922418.5799999996,0.283761510748092,10,5,0.2785564254892789,0.041666666666666664
20020,"Cutlery Block - Private label, Inner pack 6",Home & Kitchen,2590412.21,914904.52,0.35318877685493927,11,1,0.29874546227656207,0.04583333333333333
20013,"Webcam - National brand, Master carton 48",Consumer Electronics,3234457.8899999997,906969.1099999994,0.28040838398424767,12,6,0.3187593897700228,0.05
20104,"Bedding Set - National brand, Inner pack 6",Home & Kitchen,3562661.13,898904.2900000005,0.25231259926200184,13,2,0.33859535230200016,0.05416666666666667
20140,"Work Gloves - National brand, Case 24",Tools & Hardware,4247056.320000001,884890.2900000005,0.2083537922096593,14,2,0.3581220703660007,0.058333333333333334
20014,"Grooming Kit - Premium brand, Each",Pet Supplies,1698019.14,874228.9499999998,0.514852235411198,15,2,0.37741352651932475,0.0625
20109,"Adjustable Dumbbells - Private label, Master carton 48",Sporting Goods,3703277.8100000005,861971.46,0.23275905946683484,16,4,0.3964344988012501,0.06666666666666667
20164,"27in Monitor - Value, Inner pack 6",Consumer Electronics,9331950.770000001,854731.7700000033,0.09159197161088357,17,7,0.4152957141199697,0.07083333333333333
20117,"27in Monitor - Private label, Each",Consumer Electronics,1557511.0500000003,837442.9400000003,0.5376802559442516,18,8,0.4337754198743042,0.075
20225,"Air Fryer - Private label, Case 24",Home & Kitchen,2182563.5,806267.4299999999,0.3694130457143629,19,3,0.45156718114427613,0.07916666666666666
20205,"Bedding Set - Private label, Case 12",Home & Kitchen,2318620.1600000006,758420.2,0.3270998040489736,20,4,0.4683031060231025,0.08333333333333333
20135,"Bluetooth Speaker - National brand, Each",Consumer Electronics,1737020.65,599417.1099999999,0.3450834680635489,21,9,0.4815303377398252,0.0875
20080,"Bluetooth Speaker - Premium brand, Case 12",Consumer Electronics,1280094.5199999998,591971.9899999998,0.46244396859069425,22,10,0.4945932793057399,0.09166666666666666
20232,"Adjustable Dumbbells - Premium brand, Each",Sporting Goods,1254852.69,564921.5199999998,0.4501895118860524,23,5,0.5070593029179175,0.09583333333333334
20151,"Cooler Box - Private label, Master carton 48",Sporting Goods,1406583.8599999999,556884.0299999998,0.39591242714814023,24,6,0.5193479646549045,0.1
20036,"Wireless Earbuds - Private label, Case 12",Consumer Electronics,2241706.6400000006,517367.6900000011,0.23079188006509227,25,11,0.5307646262820236,0.10416666666666667
20006,"Electric Toothbrush - Premium brand, Master carton 48",Health & Beauty,1283772.85,502732.9700000002,0.3916058592452708,26,1,0.5418583461223301,0.10833333333333334
20236,"Cooler Box - National brand, Case 12",Sporting Goods,1430934.98,466630.0199999998,0.326101483660704,27,7,0.5521553885282751,0.1125
20220,"Air Fryer - Premium brand, Inner pack 6",Home & Kitchen,1640961.72,447485.44999999995,0.27269706815586164,28,5,0.5620299710823364,0.11666666666666667
20003,"Storage Bins - National brand, Master carton 48",Home & Kitchen,2147321.12,401813.98,0.18712337724317635,29,6,0.570896729357686,0.12083333333333333
20093,"Resistance Bands - Value, Bulk pallet 144",Sporting Goods,1606256.4500000002,400899.77,0.24958640321724465,30,8,0.5797433139220987,0.125
20084,"Blender - Private label, Case 24",Home & Kitchen,799986.3399999996,390304.95999999973,0.4878895307137368,31,7,0.5883561046816187,0.12916666666666668
20124,"Socket Set - Value, Each",Tools & Hardware,1637358.8699999996,386775.75999999954,0.2362192962621564,32,3,0.5968910172067743,0.13333333333333333
20152,"Cotton T-Shirt 5pk - National brand, Case 12",Apparel & Accessories,2211731.71,385399.08999999985,0.17425218811914572,33,1,0.6053955509976834,0.1375
20191,"Cat Litter - Premium brand, Case 24",Pet Supplies,1464313.85,380331.50000000023,0.2597335946798565,34,3,0.6137882591732454,0.14166666666666666
20160,"Sunscreen SPF50 - National brand, Case 24",Health & Beauty,1203252.83,378478.93000000005,0.314546469838762,35,2,0.6221400870131402,0.14583333333333334
20168,"Vacuum Sealer - Premium brand, Inner pack 6",Home & Kitchen,1653637.7699999998,374319.92999999947,0.22636150237424701,36,8,0.6304001389330752,0.15
20126,"Smart Plug - Value, Master carton 48",Consumer Electronics,900996.24,345798.00000000023,0.3837951643394208,37,12,0.6380308024508038,0.15416666666666667
20002,"Safety Boots - Value, Case 24",Apparel & Accessories,1335502.53,341478.66000000015,0.2556930086834056,38,2,0.6455661518540532,0.15833333333333333
20210,"Socket Set - Private label, Each",Tools & Hardware,707816.02,330683.98999999993,0.4671891856869811,39,4,0.6528632971770161,0.1625
20048,"HDMI Cable - National brand, Master carton 48",Consumer Electronics,2002979.1700000002,330637.8099999998,0.16507301471337807,40,13,0.6601594234540583,0.16666666666666666
20201,"Bluetooth Speaker - National brand, Case 12",Consumer Electronics,1098421.8999999994,316318.49999999953,0.28797541272620264,41,14,0.6671395680411659,0.17083333333333334
20125,"Webcam - Private label, Inner pack 6",Consumer Electronics,559510.4500000002,315597.1800000002,0.5640594916502455,42,15,0.674103795386969,0.175
20214,"Vitamin C Serum - Premium brand, Case 24",Health & Beauty,966103.2000000002,314809.14000000013,0.32585456708972715,43,3,0.6810506331929872,0.17916666666666667
20089,"Bedding Set - Value, Master carton 48",Home & Kitchen,903843.5299999999,304207.1499999998,0.3365705898232184,44,9,0.6877635187543183,0.18333333333333332
20054,"Work Gloves - National brand, Bulk pallet 144",Tools & Hardware,896661.74,303409.43000000017,0.33837668818120886,45,5,0.6944588011690107,0.1875
20208,"Safety Glasses - Premium brand, Bulk pallet 144",Tools & Hardware,774609.2100000001,299412.95,0.3865341983217576,46,6,0.7010658939639387,0.19166666666666668
20027,"Safety Boots - Premium brand, Each",Apparel & Accessories,1087115.7599999998,297533.98999999976,0.27369117526177694,47,3,0.7076315240797207,0.19583333333333333
20134,"Power Bank - Private label, Case 24",Consumer Electronics,597017.1799999998,282905.42999999993,0.4738648056995613,48,16,0.7138743483403248,0.2
20192,"Body Wash - National brand, Inner pack 6",Health & Beauty,1487126.3900000001,273356.44999999995,0.18381521021895114,49,4,0.7199064569423144,0.20416666666666666
20082,"Smart Plug - Private label, Master carton 48",Consumer Electronics,598179.98,273286.31,0.4568630163784485,50,17,0.7259370177772864,0.20833333333333334
20198,"Nonstick Cookware Set - National brand, Bulk pallet 144",Home & Kitchen,823137.0900000001,263370.06000000006,0.3199589268902948,51,10,0.7317487584712868,0.2125
20060,"USB-C Charger - Private label, Case 12",Consumer Electronics,897163.2500000002,243705.1100000001,0.2716396486369677,52,18,0.7371265561796628,0.21666666666666667
20239,"Multivitamin - Private label, Inner pack 6",Health & Beauty,568135.55,235446.0300000001,0.41441875974844394,53,5,0.7423221022253745,0.22083333333333333
20030,"Cutlery Block - National brand, Master carton 48",Home & Kitchen,768452.2800000001,233549.34000000008,0.3039217217235663,54,11,0.7474757943471555,0.225
20237,"Nonstick Cookware Set - Value, Each",Home & Kitchen,696052.7400000001,222132.9300000001,0.31913232609356595,55,12,0.752377562561654,0.22916666666666666
20169,"Grooming Kit - Premium brand, Case 12",Pet Supplies,950578.8100000002,210228.92000000004,0.2211588537303919,56,4,0.7570166470856116,0.23333333333333334
20018,"Mechanical Keyboard - Premium brand, Inner pack 6",Consumer Electronics,422634.27,208189.83000000002,0.492600446243983,57,19,0.7616107353699368,0.2375
20024,"Vacuum Sealer - Value, Case 12",Home & Kitchen,1106740.53,207903.2799999998,0.18785187165775866,58,13,0.7661985004059177,0.24166666666666667
20081,"27in Monitor - Private label, Bulk pallet 144",Consumer Electronics,519588.70999999996,202182.55,0.38912036791561544,59,20,0.7706600271012899,0.24583333333333332
20162,"Electric Toothbrush - National brand, Case 12",Health & Beauty,414681.7600000001,192270.88000000003,0.46365887904015834,60,6,0.7749028347217434,0.25
20116,"Aquarium Filter - Premium brand, Master carton 48",Pet Supplies,346734.42,190441.22999999992,0.5492423567293951,61,5,0.7791052677781298,0.25416666666666665
20103,"Power Bank - National brand, Inner pack 6",Consumer Electronics,487480.26,186921.81000000006,0.38344488041423475,62,21,0.7832300384136882,0.25833333333333336
20000,"Wireless Earbuds - Private label, Inner pack 6",Consumer Electronics,934298.8600000001,186209.16999999993,0.19930364680098175,63,22,0.7873390833479722,0.2625
20004,"Camping Tent - Premium brand, Each",Sporting Goods,1144938.04,185113.93000000028,0.1616803036782674,64,9,0.7914239598142165,0.26666666666666666
20149,"Cordless Drill - Value, Each",Tools & Hardware,1900265.45,184703.82000000007,0.09719895712464807,65,7,0.7954997864553744,0.2708333333333333
20028,"Cycling Helmet - Premium brand, Inner pack 6",Sporting Goods,419758.75999999995,180899.42999999993,0.43096046405320987,66,10,0.7994916622929411,0.275
20031,"Laptop Sleeve - Premium brand, Master carton 48",Apparel & Accessories,441552.8,177642.61999999994,0.4023134266162505,67,4,0.8034116706782635,0.2791666666666667
20098,"Laptop Sleeve - Private label, Each",Apparel & Accessories,375857.57999999996,174860.68,0.4652312186972523,68,5,0.8072702904839338,0.2833333333333333
20177,"Gel Pens - Premium brand, Bulk pallet 144",Office & Stationery,589885.5800000002,172355.42000000016,0.2921844944912878,69,1,0.8110736271587463,0.2875
20074,"Vacuum Sealer - Private label, Case 24",Home & Kitchen,1071216.2199999997,171038.37999999977,0.15966746657364825,70,14,0.8148479009440123,0.2916666666666667
20183,"Adjustable Dumbbells - National brand, Case 12",Sporting Goods,1308822.5000000005,169736.55000000075,0.12968645480957172,71,11,0.8185934474761211,0.29583333333333334
20170,"Safety Glasses - Premium brand, Case 24",Tools & Hardware,313011.13,169526.60000000003,0.5415992715658386,72,8,0.8223343610785843,0.3
20150,"Work Jacket - Value, Inner pack 6",Apparel & Accessories,881034.4399999997,167002.81999999983,0.18955311213486714,73,6,0.8260195828726137,0.30416666666666664
20108,"Sunscreen SPF50 - Private label, Inner pack 6",Health & Beauty,380596.89000000013,166644.61000000016,0.43785068763961815,74,7,0.8296969001097091,0.30833333333333335
20147,"Smart Plug - Value, Each",Consumer Electronics,1100694.1800000002,164659.8600000001,0.14959637562542583,75,23,0.8333304202183744,0.3125
20213,"Bedding Set - Premium brand, Master carton 48",Home & Kitchen,515332.7799999996,161386.55999999982,0.3131695988755071,76,15,0.8368917089928721,0.31666666666666665
20207,"Cycling Helmet - Private label, Case 12",Sporting Goods,625910.25,159303.0,0.2545141256274362,77,12,0.8404070202160854,0.32083333333333336
20179,"Bluetooth Speaker - Value, Each",Consumer Electronics,649448.88,159275.93999999977,0.24524784768279187,78,24,0.8439217343110481,0.325
20087,"Blender - National brand, Each",Home & Kitchen,525916.2799999999,148617.1499999999,0.28258708781557385,79,16,0.8472012427657349,0.32916666666666666
20187,"Blender - Value, Case 12",Home & Kitchen,394001.6200000001,147598.80000000005,0.3746147033608644,80,17,0.8504582794704599,0.3333333333333333
20070,"Power Bank - Value, Case 12",Consumer Electronics,1226299.52,146996.76999999955,0.11987020104191148,81,25,0.8537020312852852,0.3375
20155,"Camping Tent - Private label, Case 24",Sporting Goods,459160.8000000004,144330.7400000004,0.3143359363429985,82,13,0.8568869522859989,0.3416666666666667
20189,"Aquarium Filter - National brand, Each",Pet Supplies,396366.48000000004,143220.22000000003,0.361332825116796,83,6,0.860047367637606,0.3458333333333333
20197,"Copy Paper - National brand, Master carton 48",Office & Stationery,855092.81,140611.0800000003,0.16443955364330604,84,2,0.8631502075567045,0.35
20047,"HDMI Cable - Private label, Each",Consumer Electronics,405898.68,133210.26,0.3281859896661896,85,26,0.8660897348852867,0.3541666666666667
20038,"Sunscreen SPF50 - National brand, Case 12",Health & Beauty,698400.8300000001,131079.79000000004,0.18768561600936245,86,8,0.8689822495078829,0.35833333333333334
20029,"27in Monitor - Private label, Inner pack 6",Consumer Electronics,252879.09999999998,126426.87999999998,0.4999498970061187,87,27,0.8717720891856031,0.3625
20129,"Nonstick Cookware Set - Premium brand, Each",Home & Kitchen,360779.05000000005,124512.61000000002,0.34512150857983576,88,18,0.8745196870046309,0.36666666666666664
20156,"Vitamin C Serum - Private label, Inner pack 6",Health & Beauty,286008.23,124148.37999999998,0.43407275378054677,89,9,0.8772592474244457,0.37083333333333335
20075,"Resistance Bands - Private label, Each",Sporting Goods,447647.4,123075.59000000008,0.27493869058549225,90,14,0.879975134776414,0.375
20172,"Work Gloves - Value, Master carton 48",Tools & Hardware,1011762.3399999999,122765.87999999977,0.12133865350236281,91,9,0.8826841878123999,0.37916666666666665
20105,"Filing Boxes - Premium brand, Master carton 48",Office & Stationery,446711.6000000001,121693.12000000011,0.2724198789554605,92,3,0.885369568442544,0.38333333333333336
20174,"Socket Set - National brand, Each",Tools & Hardware,1174259.1299999997,121118.07999999984,0.10314425232529371,93,10,0.8880422597663611,0.3875
20203,"Air Fryer - Private label, Master carton 48",Home & Kitchen,400078.94000000006,119870.33000000007,0.29961669564511456,94,19,0.8906874172108491,0.39166666666666666
20012,"Vacuum Sealer - Private label, Case 12",Home & Kitchen,203586.24000000002,118024.44000000006,0.5797269992313825,95,20,0.8932918417260526,0.3958333333333333
20157,"LED Floor Lamp - Premium brand, Case 12",Home & Kitchen,371735.14999999997,116893.54999999993,0.3144538524269226,96,21,0.8958713110909499,0.4
20068,"Backpack - Premium brand, Master carton 48",Apparel & Accessories,296900.31999999995,112849.01999999996,0.380090597409932,97,7,0.8983615305252018,0.4041666666666667
20123,"Grooming Kit - National brand, Case 24",Pet Supplies,414296.76999999996,112703.60999999993,0.2720359369444274,98,7,0.9008485412226127,0.4083333333333333
20071,"Copy Paper - Private label, Case 24",Office & Stationery,332034.3500000001,106869.53000000009,0.32186287352498333,99,4,0.9032068123049435,0.4125
20158,"Blender - Premium brand, Each",Home & Kitchen,459513.22000000015,104232.28000000003,0.2268319505584627,100,22,0.90550688765635,0.4166666666666667
20227,"Webcam - Value, Case 12",Consumer Electronics,690705.6799999998,102737.1799999997,0.14874234131099043,101,28,0.9077739708995738,0.42083333333333334
20100,"Laptop Sleeve - Private label, Bulk pallet 144",Apparel & Accessories,357337.92999999993,102070.04999999993,0.2856401222226813,102,8,0.9100263327026719,0.425
20122,"Body Wash - National brand, Bulk pallet 144",Health & Beauty,267574.17000000004,101992.64000000007,0.3811752083543791,103,10,0.9122769863129438,0.42916666666666664
20076,"Bedding Set - Premium brand, Each",Home & Kitchen,203676.01000000004,100887.91000000005,0.49533526309750486,104,23,0.9145032620410188,0.43333333333333335
20061,"Safety Glasses - Premium brand, Each",Tools & Hardware,236197.67999999996,99857.42999999993,0.4227705792876541,105,11,0.91670679834856,0.4375
20001,"Multivitamin - Private label, Case 12",Health & Beauty,435886.91000000003,98439.46000000002,0.22583715578887198,106,11,0.9188790445620341,0.44166666666666665
20063,"Smart Plug - Value, Inner pack 6",Consumer Electronics,392245.96999999986,98317.7899999998,0.25065341015485726,107,29,0.9210486059050629,0.44583333333333336
20186,"Laser Measure - National brand, Case 24",Tools & Hardware,308637.6,96679.89999999997,0.31324731659395993,108,12,0.9231820242181464,0.45
20017,"Webcam - National brand, Case 24",Consumer Electronics,285118.89,95101.44999999995,0.33355015516509606,109,30,0.9252806111532881,0.45416666666666666
20231,"Mechanical Keyboard - Value, Case 12",Consumer Electronics,911961.6899999998,88533.90000000002,0.09708072276588728,110,31,0.9272342731201364,0.4583333333333333
20222,"Socket Set - National brand, Case 24",Tools & Hardware,301921.66,87533.53999999998,0.2899213656946639,111,13,0.9291658603191821,0.4625
20045,"Winter Gloves - Value, Inner pack 6",Apparel & Accessories,405400.93,86889.9900000001,0.21433100807144204,112,9,0.9310832464138062,0.4666666666666667
20050,"HDMI Cable - Premium brand, Case 12",Consumer Electronics,133551.44,86456.28000000001,0.6473631433700753,113,32,0.9329910619063033,0.4708333333333333
20009,"Toner Cartridge - Private label, Case 12",Office & Stationery,168210.08999999997,80764.31999999996,0.4801395683219715,114,5,0.9347732739207111,0.475
20046,"Cycling Helmet - Private label, Each",Sporting Goods,441002.32999999996,79026.6999999999,0.17919791943049349,115,15,0.9365171421808413,0.4791666666666667
20211,"Cat Litter - Premium brand, Each",Pet Supplies,552359.52,77237.44,0.13983182547482842,116,8,0.9382215271559156,0.48333333333333334
20095,"Bedding Set - Value, Inner pack 6",Home & Kitchen,257700.48,77196.71000000005,0.2995598223177545,117,24,0.9399250133492587,0.4875
20120,"Sunscreen SPF50 - Value, Bulk pallet 144",Health & Beauty,607099.6499999999,74531.85999999987,0.12276709433121874,118,12,0.9415696947673422,0.49166666666666664
20142,"Work Gloves - Private label, Each",Tools & Hardware,186529.55000000002,66101.61000000007,0.3543760760694489,119,14,0.9430283473445408,0.49583333333333335
20079,"Smart Plug - National brand, Case 24",Consumer Electronics,260451.46000000005,64009.40000000011,0.24576326045551866,120,33,0.9444408314924297,0.5
20230,"Camping Tent - Value, Each",Sporting Goods,1187215.5500000003,63793.490000000456,0.05373370488619395,121,16,0.9458485511924036,0.5041666666666667
20051,"Grooming Kit - National brand, Case 12",Pet Supplies,349850.4800000001,62207.00000000006,0.17781024625148448,122,9,0.9472212620971727,0.5083333333333333
20218,"Desk Organiser - Private label, Case 12",Office & Stationery,293267.63,61778.840000000084,0.21065686656246407,123,6,0.9485845248706868,0.5125
20217,"Work Gloves - National brand, Each",Tools & Hardware,619367.8499999999,61077.24999999977,0.09861223826842123,124,15,0.9499323057813288,0.5166666666666667
20086,"Hair Dryer - Private label, Bulk pallet 144",Health & Beauty,137311.79,59587.83999999998,0.433960113694534,125,13,0.9512472201440153,0.5208333333333334
20034,"Work Jacket - Private label, Bulk pallet 144",Apparel & Accessories,197980.43,59008.71000000002,0.2980532469800173,126,10,0.9525493549470658,0.525
20154,"Filing Boxes - National brand, Each",Office & Stationery,415882.73,58998.640000000014,0.14186364507129212,127,7,0.9538512675372011,0.5291666666666667
20035,"Cycling Helmet - Private label, Bulk pallet 144",Sporting Goods,164682.44,57196.83,0.3473159008331429,128,17,0.9551134199036423,0.5333333333333333
20073,"HDMI Cable - National brand, Each",Consumer Electronics,129959.80999999998,55156.80999999998,0.4244143631788935,129,34,0.9563305555083055,0.5375
20128,"Adjustable Dumbbells - Private label, Each",Sporting Goods,611091.9800000001,54785.72999999998,0.08965218296597506,130,18,0.9575395025560128,0.5416666666666666
20010,"Adjustable Dumbbells - National brand, Inner pack 6",Sporting Goods,343220.63,53302.669999999925,0.1553014747394407,131,19,0.9587157231800955,0.5458333333333333
20118,"Cycling Helmet - Value, Case 12",Sporting Goods,243855.59999999998,53206.639999999985,0.21818912503957255,132,20,0.9598898247270938,0.55
20200,"Resistance Bands - National brand, Bulk pallet 144",Sporting Goods,276642.55,50969.51999999996,0.1842432409620283,133,21,0.9610145601413534,0.5541666666666667
20199,"Blender - National brand, Master carton 48",Home & Kitchen,605528.9000000001,49179.46000000008,0.08121736221012749,134,25,0.9620997946170983,0.5583333333333333
20088,"Safety Glasses - Private label, Master carton 48",Tools & Hardware,137132.06999999998,48062.32999999997,0.35048205718764386,135,16,0.9631603775820315,0.5625
20023,"Adjustable Dumbbells - National brand, Bulk pallet 144",Sporting Goods,245601.72999999998,47519.74000000005,0.19348292049897228,136,22,0.9642089873090687,0.5666666666666667
20215,"Body Wash - Premium brand, Bulk pallet 144",Health & Beauty,135896.08000000002,47483.43000000001,0.3494098578855255,137,14,0.9652567957897354,0.5708333333333333
20143,"Copy Paper - Private label, Each",Office & Stationery,214470.12999999998,46777.600000000006,0.21810776167291926,138,8,0.9662890288441977,0.575
20043,"Work Gloves - Value, Case 24",Tools & Hardware,137649.43,45252.79000000002,0.32875392219204996,139,17,0.9672876141851435,0.5791666666666667
20058,"Cotton T-Shirt 5pk - Value, Case 12",Apparel & Accessories,316179.2899999999,42927.27999999991,0.13576879118173718,140,11,0.9682348829067999,0.5833333333333334
20021,"Bedding Set - National brand, Bulk pallet 144",Home & Kitchen,187130.31,42484.340000000026,0.22703077871243854,141,26,0.9691723773495463,0.5875
20223,"Adjustable Dumbbells - National brand, Each",Sporting Goods,230235.58000000005,40732.78000000003,0.1769178334643152,142,23,0.970071220426492,0.5916666666666667
20141,"HDMI Cable - Value, Case 12",Consumer Electronics,89655.91000000002,39555.750000000015,0.4411951203216833,143,35,0.9709440901898839,0.5958333333333333
20033,"Wireless Earbuds - National brand, Inner pack 6",Consumer Electronics,1363166.9900000005,39412.19000000064,0.028912224466351426,144,36,0.9718137920400586,0.6
20072,"Dry-Erase Board - National brand, Case 12",Office & Stationery,179456.54,38789.29999999999,0.2161487121060062,145,9,0.9726697486863902,0.6041666666666666
20022,"Tool Chest - Value, Bulk pallet 144",Tools & Hardware,1193709.1099999999,37781.08999999985,0.031650164754124945,146,18,0.9735034573403532,0.6083333333333333
20144,"Winter Gloves - National brand, Inner pack 6",Apparel & Accessories,94856.95999999999,37747.030000000006,0.39793632433508314,147,12,0.9743364143982991,0.6125
20233,"Desk Organiser - National brand, Each",Office & Stationery,165566.2,37159.330000000016,0.22443789855658952,148,10,0.9751564027839296,0.6166666666666667
20049,"Adjustable Dumbbells - Value, Master carton 48",Sporting Goods,237844.93,36290.46000000002,0.15258033879469293,149,24,0.9759572179684118,0.6208333333333333
20194,"Cotton T-Shirt 5pk - Value, Inner pack 6",Apparel & Accessories,176323.86999999994,34939.70999999996,0.19815643792301052,150,13,0.9767282263907191,0.625
20025,"Multivitamin - National brand, Bulk pallet 144",Health & Beauty,265126.4199999999,34388.66999999984,0.12970668860538248,151,15,0.9774870751104694,0.6291666666666667
20015,"Body Wash - Value, Bulk pallet 144",Health & Beauty,304777.78,34371.99000000005,0.11277721755175212,152,16,0.9782455557555997,0.6333333333333333
20037,"Webcam - Value, Each",Consumer Electronics,263806.19000000006,33407.40000000005,0.12663614906079362,153,37,0.9789827509632126,0.6375
20097,"Electric Toothbrush - National brand, Master carton 48",Health & Beauty,78961.93000000001,32932.630000000005,0.4170697195471286,154,17,0.9797094695049158,0.6416666666666667
20161,"LED Floor Lamp - National brand, Case 12",Home & Kitchen,279058.91000000003,32230.560000000056,0.11549733352000856,155,27,0.9804206955916716,0.6458333333333334
20008,"Electric Toothbrush - Value, Case 24",Health & Beauty,230197.93999999997,31885.28999999995,0.13851249059830836,156,18,0.9811243026661925,0.65
20234,"Vacuum Sealer - National brand, Each",Home & Kitchen,75277.15000000001,31314.410000000003,0.415988251414938,157,28,0.9818153122323733,0.6541666666666667
20113,"Electric Toothbrush - National brand, Case 24",Health & Beauty,221176.68999999994,30287.29999999999,0.1369371247937565,158,19,0.9824836567432162,0.6583333333333333
20094,"Yoga Mat - National brand, Each",Sporting Goods,332914.41,29384.639999999956,0.08826484861379223,159,25,0.9831320824149367,0.6625
20005,"Backpack - Private label, Master carton 48",Apparel & Accessories,65512.85000000001,29256.12000000001,0.44657071093686207,160,14,0.9837776720584692,0.6666666666666666
20180,"Toner Cartridge - National brand, Inner pack 6",Office & Stationery,250809.29,29010.570000000036,0.1156678446799161,161,11,0.9844178431934311,0.6708333333333333
20139,"Vacuum Sealer - Value, Each",Home & Kitchen,102735.99,28978.17,0.28206444499147765,162,29,0.9850572993633034,0.675
20112,"Bedding Set - Private label, Inner pack 6",Home & Kitchen,100679.61000000002,28131.470000000016,0.2794157625362277,163,30,0.9856780715535101,0.6791666666666667
20041,"Bedding Set - National brand, Each",Home & Kitchen,98940.69,27369.889999999985,0.276629261429246,164,31,0.9862820380920883,0.6833333333333333
20193,"Chew Toy Pack - Premium brand, Master carton 48",Pet Supplies,86805.12,26479.82,0.3050490570141485,165,10,0.9868663636128547,0.6875
20127,"Wireless Earbuds - Premium brand, Case 12",Consumer Electronics,169015.53,26292.540000000008,0.155562864548601,166,38,0.9874465564588701,0.6916666666666667
20091,"Hair Dryer - Private label, Inner pack 6",Health & Beauty,111367.98000000001,24222.13999999994,0.2174964473630566,167,20,0.9879810621530017,0.6958333333333333
20121,"Bluetooth Speaker - Value, Bulk pallet 144",Consumer Electronics,121215.64000000001,23143.199999999997,0.19092585742235899,168,39,0.9884917590683208,0.7
20019,"Gel Pens - Private label, Master carton 48",Office & Stationery,93290.88,22963.339999999997,0.2461477477755596,169,12,0.9889984870447209,0.7041666666666667
20175,"Nonstick Cookware Set - Private label, Bulk pallet 144",Home & Kitchen,56230.84999999999,20442.72999999999,0.3635500797160276,170,32,0.9894495931645185,0.7083333333333334
20132,"HDMI Cable - National brand, Bulk pallet 144",Consumer Electronics,266931.69,19999.01000000001,0.07492182737838288,171,40,0.9898909077932835,0.7125
20106,"Blender - Value, Each",Home & Kitchen,171715.5400000001,19445.880000000034,0.11324473020904237,172,33,0.9903200165998299,0.7166666666666667
20209,"USB-C Charger - National brand, Bulk pallet 144",Consumer Electronics,57172.93000000001,18240.70000000001,0.3190443449373683,173,41,0.9907225309117341,0.7208333333333333
20130,"Socket Set - Value, Master carton 48",Tools & Hardware,102773.30999999997,16895.63999999994,0.1643971571996654,174,19,0.9910953640216905,0.725
20062,"Fastener Assortment - National brand, Bulk pallet 144",Tools & Hardware,69345.35,16876.770000000004,0.2433727712096053,175,20,0.9914677807306828,0.7291666666666666
20101,"Chew Toy Pack - National brand, Each",Pet Supplies,1195785.7000000002,16694.920000000624,0.01396146483437678,176,11,0.9918361845877766,0.7333333333333333
20119,"Hair Dryer - National brand, Bulk pallet 144",Health & Beauty,42733.92,14979.659999999996,0.35053325320962825,177,21,0.9921667381047719,0.7375
20042,"Sunscreen SPF50 - Private label, Case 12",Health & Beauty,51768.54,14717.529999999992,0.28429486325092407,178,22,0.9924915072452587,0.7416666666666667
20229,"Safety Glasses - National brand, Case 24",Tools & Hardware,102059.19,14058.479999999981,0.13774830076546737,179,21,0.9928017332455558,0.7458333333333333
20016,"Gel Pens - National brand, Case 12",Office & Stationery,60308.53999999999,13911.0,0.23066384959742023,180,13,0.9931087048306867,0.75
20099,"Copy Paper - Value, Bulk pallet 144",Office & Stationery,99924.24,13897.240000000005,0.13907776531500268,181,14,0.993415372776323,0.7541666666666667
20067,"Safety Glasses - Value, Case 12",Tools & Hardware,45562.14000000001,13799.460000000006,0.3028711996407545,182,22,0.9937198830279333,0.7583333333333333
20044,"Safety Boots - Value, Inner pack 6",Apparel & Accessories,181860.46999999997,13590.819999999949,0.07473212842790933,183,15,0.9940197892574373,0.7625
20083,"Grooming Kit - Value, Bulk pallet 144",Pet Supplies,365794.29,13533.729999999923,0.03699819917910672,184,12,0.9943184356919735,0.7666666666666667
20181,"Yoga Mat - National brand, Bulk pallet 144",Sporting Goods,82678.06000000001,13503.480000000025,0.1633260383710022,185,26,0.9946164146050915,0.7708333333333334
20066,"Laminator - Private label, Master carton 48",Office & Stationery,31690.949999999997,13056.369999999999,0.41199048939839295,186,15,0.9949045272206444,0.775
20039,"Pet Bed - National brand, Each",Pet Supplies,41560.020000000004,12559.529999999995,0.30220221260721225,187,13,0.9951816761554872,0.7791666666666667
20107,"Laminator - National brand, Case 24",Office & Stationery,86451.38999999998,12547.0,0.14513358316158945,188,16,0.9954585485930287,0.7833333333333333
20190,"Aquarium Filter - Value, Inner pack 6",Pet Supplies,137641.0,12373.560000000056,0.08989734163512367,189,14,0.9957315937606597,0.7875
20188,"Multivitamin - National brand, Case 24",Health & Beauty,64775.84,12338.429999999993,0.19047888842506702,190,23,0.9960038637207723,0.7916666666666666
20153,"Body Wash - National brand, Each",Health & Beauty,563707.07,12154.30999999994,0.02156139357982496,191,24,0.996272070737297,0.7958333333333333
20167,"Pet Bed - Private label, Bulk pallet 144",Pet Supplies,49477.249999999985,12056.199999999983,0.24367158643619008,192,15,0.9965381127777438,0.8
20178,"Vitamin C Serum - Private label, Case 12",Health & Beauty,74992.39,11922.220000000001,0.15897906440906873,193,25,0.9968011983051451,0.8041666666666667
20176,"Grooming Kit - Value, Case 12",Pet Supplies,32558.199999999993,10407.44999999999,0.31965679920880125,194,16,0.9970308576699408,0.8083333333333333
20077,"Storage Bins - Value, Master carton 48",Home & Kitchen,144852.03999999998,10041.850000000006,0.06932487799274355,195,34,0.997252449403975,0.8125
20216,"Laptop Sleeve - National brand, Each",Apparel & Accessories,56507.97,9326.909999999996,0.16505477015012213,196,16,0.9974582646830399,0.8166666666666667
20182,"Camping Tent - Value, Case 12",Sporting Goods,199553.46000000002,9238.069999999978,0.04629370996624151,197,27,0.9976621195454833,0.8208333333333333
20115,"Cotton T-Shirt 5pk - National brand, Each",Apparel & Accessories,49685.920000000006,9226.860000000008,0.18570371646534886,198,17,0.9978657270388326,0.825
20114,"Pet Bed - Private label, Case 12",Pet Supplies,52582.36,8912.529999999999,0.1694965764184034,199,17,0.9980623982674738,0.8291666666666667
20196,"Resistance Bands - Value, Each",Sporting Goods,292413.72000000003,8312.350000000035,0.028426675738744522,200,28,0.9982458254298391,0.8333333333333334
20007,"Pet Bed - Value, Inner pack 6",Pet Supplies,75147.76,7821.459999999992,0.10408107972879022,201,18,0.9984184202090958,0.8375
20185,"Bluetooth Speaker - Value, Master carton 48",Consumer Electronics,457114.25999999995,7707.469999999914,0.016861145395026433,202,42,0.9985884995911135,0.8416666666666667
20146,"Sunscreen SPF50 - Value, Case 24",Health & Beauty,221501.07,6903.040000000037,0.031164815592087374,203,26,0.9987408277581052,0.8458333333333333
20111,"Vacuum Sealer - Value, Bulk pallet 144",Home & Kitchen,118249.05000000002,6745.3900000000285,0.05704392551145254,204,35,0.9988896770903335,0.85
20059,"Desk Organiser - National brand, Inner pack 6",Office & Stationery,38021.86,6573.249999999996,0.17288081119650633,205,17,0.9990347278395221,0.8541666666666666
20219,"Laser Measure - Value, Case 12",Tools & Hardware,95836.55000000002,6426.840000000026,0.06706042736304703,206,23,0.999176547785046,0.8583333333333333
20159,"Gel Pens - Private label, Inner pack 6",Office & Stationery,71070.20000000001,6355.619999999995,0.08942735492513028,207,18,0.9993167961313827,0.8625
20138,"Nonstick Cookware Set - Value, Case 24",Home & Kitchen,26013.68,5980.080000000002,0.22988212355960408,208,36,0.9994487575027298,0.8666666666666667
20238,"Vitamin C Serum - Private label, Each",Health & Beauty,25893.769999999997,5887.3399999999965,0.22736511523814404,209,27,0.9995786723968428,0.8708333333333333
20228,"Bedding Set - National brand, Case 24",Home & Kitchen,68638.60000000002,5595.010000000031,0.08151404603240785,210,37,0.9997021364963701,0.875
20078,"Filing Boxes - Value, Inner pack 6",Office & Stationery,23756.909999999996,5257.409999999996,0.2213002448550757,211,19,0.9998181508362005,0.8791666666666667
20040,"Adjustable Dumbbells - Value, Case 12",Sporting Goods,111746.15,5221.379999999976,0.046725368167046255,212,29,0.9999333701083717,0.8833333333333333
20085,"Electric Toothbrush - Private label, Bulk pallet 144",Health & Beauty,10039.71,4784.48,0.4765555977214481,213,28,1.0000389483852479,0.8875
20064,"Hair Dryer - Value, Case 24",Health & Beauty,347608.08,4769.700000000012,0.013721487716856327,214,29,1.0001442005144694,0.8916666666666667
20096,"Desk Organiser - Value, Each",Office & Stationery,25214.64999999999,4759.669999999998,0.18876605465473445,215,20,1.0002492313134488,0.8958333333333334
20102,"Body Wash - Private label, Inner pack 6",Health & Beauty,11170.960000000001,4739.79,0.42429567378273664,216,30,1.000353823423972,0.9
20173,"Nonstick Cookware Set - Value, Bulk pallet 144",Home & Kitchen,1313148.3200000003,4677.960000000196,0.003562400323521866,217,38,1.0004570511427828,0.9041666666666667
20184,"Vacuum Sealer - Private label, Each",Home & Kitchen,92443.65999999999,4658.989999999976,0.050398156022814077,218,39,1.0005598602539474,0.9083333333333333
20206,"Blender - National brand, Case 24",Home & Kitchen,38554.71,4291.009999999995,0.11129664832130744,219,40,1.0006545492153098,0.9125
20110,"Air Fryer - Value, Each",Home & Kitchen,10744.470000000001,4068.470000000001,0.37865711384554107,220,41,1.0007443274257157,0.9166666666666666
20026,"Copy Paper - National brand, Inner pack 6",Office & Stationery,72903.58,3950.180000000022,0.0541836217096612,221,21,1.000831495351541,0.9208333333333333
20212,"Cutlery Block - Private label, Master carton 48",Home & Kitchen,9901.04,3747.9100000000008,0.3785370021735091,222,42,1.0009141998209268,0.925
20056,"Vacuum Sealer - National brand, Case 12",Home & Kitchen,20257.239999999994,3258.3699999999917,0.16084965177882043,223,43,1.000986101697416,0.9291666666666667
20065,"LED Floor Lamp - National brand, Case 24",Home & Kitchen,421166.8300000001,3209.5600000001723,0.007620638121003432,224,44,1.0010569264922384,0.9333333333333333
20221,"Cat Litter - Private label, Bulk pallet 144",Pet Supplies,35304.200000000004,2829.970000000005,0.08015958441205308,225,19,1.0011193749414349,0.9375
20195,"Hair Dryer - Value, Inner pack 6",Health & Beauty,189053.84000000003,2752.6699999999255,0.014560243790868914,226,31,1.001180117625156,0.9416666666666667
20163,"Storage Bins - Value, Bulk pallet 144",Home & Kitchen,93777.70999999999,2231.2599999999657,0.023793074068453643,227,45,1.0012293544463073,0.9458333333333333
20136,"Vitamin C Serum - Value, Case 24",Health & Beauty,13898.19,2012.7000000000007,0.1448174186710644,228,32,1.001273768342461,0.95
20137,"Toner Cartridge - National brand, Each",Office & Stationery,26148.23,1697.8100000000013,0.06493020751308985,229,22,1.0013112336164853,0.9541666666666667
20171,"Body Wash - Value, Each",Health & Beauty,67118.93000000002,1637.450000000019,0.024396247079624456,230,33,1.0013473669370285,0.9583333333333334
20055,"Filing Boxes - Private label, Each",Office & Stationery,3119.29,1354.4099999999996,0.43420457860602885,231,23,1.0013772544637782,0.9625
20069,"Cordless Drill - National brand, Inner pack 6",Tools & Hardware,44654.97,901.9799999999886,0.02019887148059866,232,24,1.0013971582974606,0.9666666666666667
20131,"Desk Organiser - Private label, Bulk pallet 144",Office & Stationery,1997.8600000000004,-75.24999999999932,-0.037665301873003765,233,24,1.0013954977689736,0.9708333333333333
20032,"Safety Glasses - National brand, Master carton 48",Tools & Hardware,18052.789999999997,-123.58000000000175,-0.006845479286027354,234,25,1.0013927707508952,0.975
20148,"Gel Pens - Value, Case 24",Office & Stationery,42408.889999999985,-593.3800000000119,-0.013991877646408859,235,25,1.0013796767390206,0.9791666666666666
20011,"Cordless Drill - Value, Case 24",Tools & Hardware,29519.190000000002,-1408.4999999999927,-0.0477147238796184,236,26,1.0013485956177743,0.9833333333333333
20133,"Aquarium Filter - National brand, Case 24",Pet Supplies,32405.2,-1840.7499999999964,-0.05680415488872145,237,20,1.0013079761119639,0.9875
20166,"Electric Toothbrush - National brand, Bulk pallet 144",Health & Beauty,198766.81999999998,-7670.130000000063,-0.03858858334605375,238,34,1.0011387207051448,0.9916666666666667
20224,"Chew Toy Pack - National brand, Case 24",Pet Supplies,559821.95,-22833.890000000014,-0.0407877718978329,239,21,1.0006348492790786,0.9958333333333333
20145,"Aquarium Filter - National brand, Master carton 48",Pet Supplies,486522.78000000014,-28769.399999999965,-0.059132688504328526,240,22,0.9999999999999997,1.0
